,answer_count,articles_count,avatar_url,avatar_url_template,badge,follower_count,gender,headline,id,is_advertiser,is_followed,is_following,is_org,name,type,url,url_token,user_type
0,2,0,https://pic4.zhimg.com/v2-3d973480a7f30ca440b23b6e3fdeb2cb_is.jpg,https://pic4.zhimg.com/v2-3d973480a7f30ca440b23b6e3fdeb2cb_{size}.jpg,[],1,-1,球鞋,dbe0c4a442740d5be0ec535e243a4a3f,False,False,False,False,张子煜,people,http://www.zhihu.com/api/v4/people/dbe0c4a442740d5be0ec535e243a4a3f,zhang-zi-yu-6-38,people
1,0,0,https://pic4.zhimg.com/da8e974dc_is.jpg,https://pic4.zhimg.com/da8e974dc_{size}.jpg,[],0,-1,,30a6b13aa71af6052ec38e83d342d75b,False,False,False,False,星海,people,http://www.zhihu.com/api/v4/people/30a6b13aa71af6052ec38e83d342d75b,xing-hai-28-36,people
2,0,0,https://pic4.zhimg.com/da8e974dc_is.jpg,https://pic4.zhimg.com/da8e974dc_{size}.jpg,[],0,-1,,17e9ce0b8df07583f89ea26cf48494bd,False,False,False,False,天地悠悠自然,people,http://www.zhihu.com/api/v4/people/17e9ce0b8df07583f89ea26cf48494bd,tian-di-you-you-zi-ran,people
3,0,0,https://pic4.zhimg.com/da8e974dc_is.jpg,https://pic4.zhimg.com/da8e974dc_{size}.jpg,[],0,-1,,d3dac23027319c5ee09f2dc1c133cf25,False,False,False,False,阿妹,people,http://www.zhihu.com/api/v4/people/d3dac23027319c5ee09f2dc1c133cf25,a-mei-44-8,people
4,12,0,https://pic1.zhimg.com/v2-817a4f729f928eef1bb990876721ce8f_is.jpg,https://pic1.zhimg.com/v2-817a4f729f928eef1bb990876721ce8f_{size}.jpg,[],2,-1,十分蠢蛋,95d04f42674ed749b9e2deaab30b8601,False,False,False,False,Something,people,http://www.zhihu.com/api/v4/people/95d04f42674ed749b9e2deaab30b8601,da-si-ya-suo-shang-yizhong-z,people
5,10,0,https://pic4.zhimg.com/v2-fe73b4bded293225b399086d4f7348ed_is.jpg,https://pic4.zhimg.com/v2-fe73b4bded293225b399086d4f7348ed_{size}.jpg,[],4,1,,07bba090080ebce25a80baaf96c486f4,False,False,False,False,最近天气不好,people,http://www.zhihu.com/api/v4/people/07bba090080ebce25a80baaf96c486f4,wan-an-chen-guan-xi,people
6,0,0,https://pic4.zhimg.com/da8e974dc_is.jpg,https://pic4.zhimg.com/da8e974dc_{size}.jpg,[],0,-1,,6c36e43f6c6917e1dd24894c4db114ce,False,False,False,False,振阳啊,people,http://www.zhihu.com/api/v4/people/6c36e43f6c6917e1dd24894c4db114ce,zhen-yang-a-18,people
7,33,0,https://pic2.zhimg.com/v2-4ca7056417da89c8c153bf0ec2fbd08b_is.jpg,https://pic2.zhimg.com/v2-4ca7056417da89c8c153bf0ec2fbd08b_{size}.jpg,[],13,1,双花红棍,829e1145d9e7f899046c93cde74f17ac,False,False,False,False,王十方,people,http://www.zhihu.com/api/v4/people/829e1145d9e7f899046c93cde74f17ac,wang-shi-fang-5,people
8,5,0,https://pic2.zhimg.com/v2-a987c867bd244b6af264dc6d76d9d797_is.jpg,https://pic2.zhimg.com/v2-a987c867bd244b6af264dc6d76d9d797_{size}.jpg,[],1,1,喜欢玩策略战棋和模拟类游戏的大学学生，steam名同用户名,936428e77fe992dc8bfd2d44bb6e98ae,False,False,False,False,ckwwcc,people,http://www.zhihu.com/api/v4/people/936428e77fe992dc8bfd2d44bb6e98ae,chen-kai-90-61,people
9,0,0,https://pic4.zhimg.com/da8e974dc_is.jpg,https://pic4.zhimg.com/da8e974dc_{size}.jpg,[],0,-1,不务正业的广告人,b19fd4c1deffa9ac8ac1978fea59959e,False,False,False,False,一隻檸檬菁,people,http://www.zhihu.com/api/v4/people/b19fd4c1deffa9ac8ac1978fea59959e,yi-zhi-ning-meng-jing-85,people
10,0,0,https://pic4.zhimg.com/da8e974dc_is.jpg,https://pic4.zhimg.com/da8e974dc_{size}.jpg,[],0,-1,,a5ce766322c35cae626f78673ed86be2,False,False,False,False,孙朝阳,people,http://www.zhihu.com/api/v4/people/a5ce766322c35cae626f78673ed86be2,sun-zhao-yang-15,people
11,4,0,https://pic4.zhimg.com/da8e974dc_is.jpg,https://pic4.zhimg.com/da8e974dc_{size}.jpg,[],3,-1,,7b7dca67f6aa4d67843c0934e6faa05f,False,False,False,False,云破风清,people,http://www.zhihu.com/api/v4/people/7b7dca67f6aa4d67843c0934e6faa05f,yun-po-feng-qing,people
12,0,0,https://pic4.zhimg.com/v2-a1ecd4895ce22c71474872c968eb22b7_is.jpg,https://pic4.zhimg.com/v2-a1ecd4895ce22c71474872c968eb22b7_{size}.jpg,[],0,-1,,2ff9ab369cc0ad050029cf8414e7424c,False,False,False,False,洛马,people,http://www.zhihu.com/api/v4/people/2ff9ab369cc0ad050029cf8414e7424c,luo-ma-61-43,people
13,1,0,https://pic4.zhimg.com/da8e974dc_is.jpg,https://pic4.zhimg.com/da8e974dc_{size}.jpg,[],0,-1,八卦算桃花，手印解命运,f405008436c3997d75756dead197ad3f,False,False,False,False,TOTO,people,http://www.zhihu.com/api/v4/people/f405008436c3997d75756dead197ad3f,toto-77-66,people
14,0,0,https://pic4.zhimg.com/da8e974dc_is.jpg,https://pic4.zhimg.com/da8e974dc_{size}.jpg,[],0,-1,,c769456ce7f8faab6e12c7767f1de815,False,False,False,False,路口,people,http://www.zhihu.com/api/v4/people/c769456ce7f8faab6e12c7767f1de815,lu-kou-34-61,people
15,0,0,https://pic4.zhimg.com/v2-fd1c866d2dbd3d0bb4c6923edfad9f7e_is.jpg,https://pic4.zhimg.com/v2-fd1c866d2dbd3d0bb4c6923edfad9f7e_{size}.jpg,[],0,-1,学生,db8d3f8d82f6a7f87f346ba80266b1ce,False,False,False,False,晓风残月,people,http://www.zhihu.com/api/v4/people/db8d3f8d82f6a7f87f346ba80266b1ce,xiao-feng-can-yue-5-45,people
16,0,0,https://pic4.zhimg.com/da8e974dc_is.jpg,https://pic4.zhimg.com/da8e974dc_{size}.jpg,[],0,-1,,9ebcdab45df6ad7f8379d21d21d4250b,False,False,False,False,自然醒,people,http://www.zhihu.com/api/v4/people/9ebcdab45df6ad7f8379d21d21d4250b,zi-ran-xing-37-73,people
17,1,0,https://pic4.zhimg.com/da8e974dc_is.jpg,https://pic4.zhimg.com/da8e974dc_{size}.jpg,[],0,1,一躺 足矣,ad22983ea4b69628cd38d0a885d72393,False,False,False,False,Ethan,people,http://www.zhihu.com/api/v4/people/ad22983ea4b69628cd38d0a885d72393,ethan-56-61,people
18,0,0,https://pic4.zhimg.com/da8e974dc_is.jpg,https://pic4.zhimg.com/da8e974dc_{size}.jpg,[],0,-1,,c95168d19cb8f48ff85ddc4d17d045be,False,False,False,False,兵工厂的新兵,people,http://www.zhihu.com/api/v4/people/c95168d19cb8f48ff85ddc4d17d045be,bing-gong-han-de-xin-bing,people
19,5,0,https://pic1.zhimg.com/v2-1d7fad16fdaae0a9e803e654150c010d_is.jpg,https://pic1.zhimg.com/v2-1d7fad16fdaae0a9e803e654150c010d_{size}.jpg,[],6,0,董秋迪,34ff87b0aada1300472fa8dab9f83db1,False,False,False,False,橙壹奥兰治,people,http://www.zhihu.com/api/v4/people/34ff87b0aada1300472fa8dab9f83db1,cheng-yi-ao-lan-zhi,people
20,0,0,https://pic3.zhimg.com/v2-014b422fcb634e08081063835163e89a_is.jpg,https://pic3.zhimg.com/v2-014b422fcb634e08081063835163e89a_{size}.jpg,[],0,0,,52a303b67c7fd08b9a9943ec495f095a,False,False,False,False,艺笙,people,http://www.zhihu.com/api/v4/people/52a303b67c7fd08b9a9943ec495f095a,yi-sheng-70-39-31,people
21,3,0,https://pic4.zhimg.com/7d12396b6024de0365efe061a1635fed_is.jpg,https://pic4.zhimg.com/7d12396b6024de0365efe061a1635fed_{size}.jpg,[],1,0,无事可静坐，闲情且读书,e25c2af92fdc354a26cc525c5f84ef42,False,False,False,False,鱼飞晏晏,people,http://www.zhihu.com/api/v4/people/e25c2af92fdc354a26cc525c5f84ef42,afineday,people
22,0,0,https://pic4.zhimg.com/da8e974dc_is.jpg,https://pic4.zhimg.com/da8e974dc_{size}.jpg,[],1,-1,程序员,f26438e367474c29fefefe4f2dcaacba,False,False,False,False,赵大宝,people,http://www.zhihu.com/api/v4/people/f26438e367474c29fefefe4f2dcaacba,zhao-da-bao-14-38,people
23,0,0,https://pic4.zhimg.com/da8e974dc_is.jpg,https://pic4.zhimg.com/da8e974dc_{size}.jpg,[],0,-1,时尚达人,985b4321ad95ec4e7994d7f19a0f86a2,False,False,False,False,小丸子樱桃,people,http://www.zhihu.com/api/v4/people/985b4321ad95ec4e7994d7f19a0f86a2,xiao-wan-zi-ying-tao-35,people
24,0,0,https://pic2.zhimg.com/c1bb6a4abacecb1ff0bbf838ab3a4e08_is.jpg,https://pic2.zhimg.com/c1bb6a4abacecb1ff0bbf838ab3a4e08_{size}.jpg,[],0,-1,,cbb86b18d3e01550bd2405c2ac9e93ac,False,False,False,False,narcissus1991,people,http://www.zhihu.com/api/v4/people/cbb86b18d3e01550bd2405c2ac9e93ac,narcissus1991-31,people
25,0,0,https://pic4.zhimg.com/da8e974dc_is.jpg,https://pic4.zhimg.com/da8e974dc_{size}.jpg,[],0,-1,,31425510e58d4268b866ddac9755fb36,False,False,False,False,丢丢,people,http://www.zhihu.com/api/v4/people/31425510e58d4268b866ddac9755fb36,diu-diu-70-90,people
26,7,0,https://pic4.zhimg.com/da8e974dc_is.jpg,https://pic4.zhimg.com/da8e974dc_{size}.jpg,[],3,1,,ec53bf3bb8682dcd355ebbdb7ee5a388,False,False,False,False,许景亮,people,http://www.zhihu.com/api/v4/people/ec53bf3bb8682dcd355ebbdb7ee5a388,xu-jing-liang-68,people
27,0,0,https://pic3.zhimg.com/v2-e25c12db72eaeb877920e06f969c871a_is.jpg,https://pic3.zhimg.com/v2-e25c12db72eaeb877920e06f969c871a_{size}.jpg,[],0,-1,学习,505c4378224cedc0fe1054a9eebc24e7,False,False,False,False,紫月枫宸,people,http://www.zhihu.com/api/v4/people/505c4378224cedc0fe1054a9eebc24e7,zi-yue-feng-chen,people
28,0,0,https://pic4.zhimg.com/da8e974dc_is.jpg,https://pic4.zhimg.com/da8e974dc_{size}.jpg,[],0,-1,商务英语，翻译,6feda1fb4422a155ff11e1d6e7c22761,False,False,False,False,Sophia,people,http://www.zhihu.com/api/v4/people/6feda1fb4422a155ff11e1d6e7c22761,sophia-54-6-61,people
29,7,0,https://pic3.zhimg.com/135abe1a2_is.jpg,https://pic3.zhimg.com/135abe1a2_{size}.jpg,[],9,1,抖hentai,869510d3887764731ca519a391fc7153,False,False,False,False,AKKI,people,http://www.zhihu.com/api/v4/people/869510d3887764731ca519a391fc7153,ming-zhong-nian,people
30,1,0,https://pic3.zhimg.com/v2-0e0911bc6a4c2915368b88c822643ab3_is.jpg,https://pic3.zhimg.com/v2-0e0911bc6a4c2915368b88c822643ab3_{size}.jpg,[],0,-1,Holding on！,184e7c86dc96adafd2a510c73b44fe2c,False,False,False,False,Gravel,people,http://www.zhihu.com/api/v4/people/184e7c86dc96adafd2a510c73b44fe2c,gravel-92-65,people
31,0,0,https://pic4.zhimg.com/da8e974dc_is.jpg,https://pic4.zhimg.com/da8e974dc_{size}.jpg,[],1,-1,,f929274370900ade4dc68db075dac3bf,False,False,False,False,我爱哲学,people,http://www.zhihu.com/api/v4/people/f929274370900ade4dc68db075dac3bf,wo-ai-zhe-xue-71,people
32,0,0,https://pic4.zhimg.com/v2-5cea6f7057063d7ed4de55017475fc18_is.jpg,https://pic4.zhimg.com/v2-5cea6f7057063d7ed4de55017475fc18_{size}.jpg,[],0,-1,,f7305951efa0c809591a4e02f8d06d09,False,False,False,False,爱酱,people,http://www.zhihu.com/api/v4/people/f7305951efa0c809591a4e02f8d06d09,ai-jiang-7-9,people
33,7,0,https://pic1.zhimg.com/v2-6606d90f9f7465a4035eb16a2ddffe3a_is.jpg,https://pic1.zhimg.com/v2-6606d90f9f7465a4035eb16a2ddffe3a_{size}.jpg,[],0,0,學生,67450a6b2ecc9e7e7912026a8a5a07a1,False,False,False,False,喬汐,people,http://www.zhihu.com/api/v4/people/67450a6b2ecc9e7e7912026a8a5a07a1,qiao-xi-20-75,people
34,0,0,https://pic4.zhimg.com/da8e974dc_is.jpg,https://pic4.zhimg.com/da8e974dc_{size}.jpg,[],0,-1,,892c8b1ef69d8a05ec221e1c0371be4e,False,False,False,False,曹青青,people,http://www.zhihu.com/api/v4/people/892c8b1ef69d8a05ec221e1c0371be4e,cao-qing-qing-27-7,people
35,0,0,https://pic4.zhimg.com/da8e974dc_is.jpg,https://pic4.zhimg.com/da8e974dc_{size}.jpg,[],0,-1,,111c47c2ebcc45be0536759d1a2467c0,False,False,False,False,z鲲,people,http://www.zhihu.com/api/v4/people/111c47c2ebcc45be0536759d1a2467c0,zkun-23,people
36,2,0,https://pic4.zhimg.com/da8e974dc_is.jpg,https://pic4.zhimg.com/da8e974dc_{size}.jpg,[],3,1,,a469e0e018af1630f33ce7e1c5cf473a,False,False,False,False,weiduo,people,http://www.zhihu.com/api/v4/people/a469e0e018af1630f33ce7e1c5cf473a,weiduo-44,people
37,0,0,https://pic4.zhimg.com/da8e974dc_is.jpg,https://pic4.zhimg.com/da8e974dc_{size}.jpg,[],0,-1,,155745bf8bf71c35b3295f33c68dffa1,False,False,False,False,风之都市,people,http://www.zhihu.com/api/v4/people/155745bf8bf71c35b3295f33c68dffa1,feng-zhi-du-shi,people
38,5,0,https://pic4.zhimg.com/30754e7f8a615aae9b201c907b23444a_is.jpg,https://pic4.zhimg.com/30754e7f8a615aae9b201c907b23444a_{size}.jpg,[],0,1,:-),19cac2aa389f9224f259cb61de8212b6,False,False,False,False,小毛有大梦想,people,http://www.zhihu.com/api/v4/people/19cac2aa389f9224f259cb61de8212b6,mao-xin-4-35,people
39,0,0,https://pic2.zhimg.com/v2-38e56db0e598d71892b0cf23231fa0a9_is.jpg,https://pic2.zhimg.com/v2-38e56db0e598d71892b0cf23231fa0a9_{size}.jpg,[],1,0,,cb0e2cb260af2a5e6cc0b01c5549d395,False,False,False,False,喵喵喵,people,http://www.zhihu.com/api/v4/people/cb0e2cb260af2a5e6cc0b01c5549d395,miao-miao-miao-4-40,people
40,0,0,https://pic4.zhimg.com/da8e974dc_is.jpg,https://pic4.zhimg.com/da8e974dc_{size}.jpg,[],0,-1,学生,51d9ca8f2df266eb995ed816b94eab7f,False,False,False,False,薄嘉素,people,http://www.zhihu.com/api/v4/people/51d9ca8f2df266eb995ed816b94eab7f,bo-jia-su,people
41,0,0,https://pic4.zhimg.com/v2-6b7544b60d8a7454c783581928b018bd_is.jpg,https://pic4.zhimg.com/v2-6b7544b60d8a7454c783581928b018bd_{size}.jpg,[],0,-1,,efaadc6cff4795c011ab79b8cd4323d5,False,False,False,False,如果二太二,people,http://www.zhihu.com/api/v4/people/efaadc6cff4795c011ab79b8cd4323d5,ru-guo-er-tai-er,people
42,0,0,https://pic4.zhimg.com/da8e974dc_is.jpg,https://pic4.zhimg.com/da8e974dc_{size}.jpg,[],0,-1,,ce04a85ac68c61d48cde89a9dfdc0d0e,False,False,False,False,好像还是,people,http://www.zhihu.com/api/v4/people/ce04a85ac68c61d48cde89a9dfdc0d0e,hao-xiang-huan-shi,people
43,0,0,https://pic4.zhimg.com/da8e974dc_is.jpg,https://pic4.zhimg.com/da8e974dc_{size}.jpg,[],0,-1,,08d852c8f1fc1459b48dc7db9eec057f,False,False,False,False,阴阳一分拔宅飞升,people,http://www.zhihu.com/api/v4/people/08d852c8f1fc1459b48dc7db9eec057f,yin-yang-yi-fen-ba-zhai-fei-sheng,people
44,0,0,https://pic4.zhimg.com/ab4b031ce9b975df4aaddb192fa66d78_is.jpg,https://pic4.zhimg.com/ab4b031ce9b975df4aaddb192fa66d78_{size}.jpg,[],0,-1,,0ac6740cb9e7994e87af17d8e03355fa,False,False,False,False,权赫寿,people,http://www.zhihu.com/api/v4/people/0ac6740cb9e7994e87af17d8e03355fa,quan-he-shou-79,people
45,0,0,https://pic4.zhimg.com/da8e974dc_is.jpg,https://pic4.zhimg.com/da8e974dc_{size}.jpg,[],0,-1,,8ee538e6412b89b6bab76187ddcaf698,False,False,False,False,小子,people,http://www.zhihu.com/api/v4/people/8ee538e6412b89b6bab76187ddcaf698,xiao-zi-55-3,people
46,0,0,https://pic1.zhimg.com/4f3adc7e7ab15d8dcdfde177433bcb1a_is.jpg,https://pic1.zhimg.com/4f3adc7e7ab15d8dcdfde177433bcb1a_{size}.jpg,[],0,-1,,7e24cfc0511f8cfedcad45f16191b4aa,False,False,False,False,DEVILVERA,people,http://www.zhihu.com/api/v4/people/7e24cfc0511f8cfedcad45f16191b4aa,devilvera,people
47,23,0,https://pic4.zhimg.com/v2-ca5201b48e26a5bfaa98bcf4462dc3e9_is.jpg,https://pic4.zhimg.com/v2-ca5201b48e26a5bfaa98bcf4462dc3e9_{size}.jpg,[],1,0,不单,b787fffc4b432e418a70677de06b3f6e,False,False,False,False,不单,people,http://www.zhihu.com/api/v4/people/b787fffc4b432e418a70677de06b3f6e,xu-an-an-75,people
48,4,0,https://pic3.zhimg.com/7f64cc39d0fbe2f81c68ce0cb839f552_is.jpg,https://pic3.zhimg.com/7f64cc39d0fbe2f81c68ce0cb839f552_{size}.jpg,[],0,1,这就是最简单的自己,f020aba85e7f0aee9d984062e77fd9ba,False,False,False,False,朝闻礼,people,http://www.zhihu.com/api/v4/people/f020aba85e7f0aee9d984062e77fd9ba,zhi-wu-ya-26-91,people
49,0,0,https://pic3.zhimg.com/v2-7f4e97015b7db952fedbbfbfd46d3f40_is.jpg,https://pic3.zhimg.com/v2-7f4e97015b7db952fedbbfbfd46d3f40_{size}.jpg,[],1,-1,,d067510834171ecaf8f39b0d402e80b6,False,False,False,False,怪兽金,people,http://www.zhihu.com/api/v4/people/d067510834171ecaf8f39b0d402e80b6,jin-jin-66-3-84,people
50,0,0,https://pic4.zhimg.com/da8e974dc_is.jpg,https://pic4.zhimg.com/da8e974dc_{size}.jpg,[],0,-1,,86da4662a9d477685656fb2951ae218c,False,False,False,False,go美女回头,people,http://www.zhihu.com/api/v4/people/86da4662a9d477685656fb2951ae218c,gomei-nu-hui-tou,people
51,2,0,https://pic2.zhimg.com/v2-bf5d4b182a6067b8f87442acba2c899d_is.jpg,https://pic2.zhimg.com/v2-bf5d4b182a6067b8f87442acba2c899d_{size}.jpg,[],0,-1,IT工程师,6579084e37ca7912cc3be023135ed17d,False,False,False,False,贪睡之熊,people,http://www.zhihu.com/api/v4/people/6579084e37ca7912cc3be023135ed17d,tan-shui-zhi-xiong-40,people
52,0,0,https://pic4.zhimg.com/da8e974dc_is.jpg,https://pic4.zhimg.com/da8e974dc_{size}.jpg,[],0,-1,学生,9a6ad3b6ca7c43aee9eaec51e79c0045,False,False,False,False,小王子的海弟弟,people,http://www.zhihu.com/api/v4/people/9a6ad3b6ca7c43aee9eaec51e79c0045,xiao-wang-zi-de-hai-di-di,people
53,0,0,https://pic4.zhimg.com/da8e974dc_is.jpg,https://pic4.zhimg.com/da8e974dc_{size}.jpg,[],0,-1,,f22f5f3d625b77a69952d28f59cab12a,False,False,False,False,飞扬,people,http://www.zhihu.com/api/v4/people/f22f5f3d625b77a69952d28f59cab12a,fei-yang-15-35,people
54,0,0,https://pic4.zhimg.com/da8e974dc_is.jpg,https://pic4.zhimg.com/da8e974dc_{size}.jpg,[],0,-1,,31b3dd01010005e2716293ab07e448bb,False,False,False,False,mss,people,http://www.zhihu.com/api/v4/people/31b3dd01010005e2716293ab07e448bb,mss-53-79,people
55,0,2,https://pic4.zhimg.com/v2-bedb648a8e443252b8c8b4483d696d72_is.jpg,https://pic4.zhimg.com/v2-bedb648a8e443252b8c8b4483d696d72_{size}.jpg,[],2,-1,木匠/摄影师/稀木作工作室创始人,f1e6f36e861f7c50f8cd84f99cefc0dc,False,False,False,False,靳海军,people,http://www.zhihu.com/api/v4/people/f1e6f36e861f7c50f8cd84f99cefc0dc,xi-mu-zuo,people
56,2,0,https://pic4.zhimg.com/ec94959597988a6ce3dc7de3e85c8ef2_is.jpg,https://pic4.zhimg.com/ec94959597988a6ce3dc7de3e85c8ef2_{size}.jpg,[],1,0,,83766093d14d4ff4bd53f345c41ae326,False,False,False,False,silence in,people,http://www.zhihu.com/api/v4/people/83766093d14d4ff4bd53f345c41ae326,silence-in,people
57,22,0,https://pic2.zhimg.com/v2-727cb37ef94f541de4848e5865542de3_is.jpg,https://pic2.zhimg.com/v2-727cb37ef94f541de4848e5865542de3_{size}.jpg,[],1,0,游民,0ed81d4afdb700a2661b6779dcbbbfc4,False,False,False,False,王小妖,people,http://www.zhihu.com/api/v4/people/0ed81d4afdb700a2661b6779dcbbbfc4,wang-xiao-yao-42-12,people
58,1,0,https://pic4.zhimg.com/da8e974dc_is.jpg,https://pic4.zhimg.com/da8e974dc_{size}.jpg,[],0,-1,,3a7ffca847f7659192c3fb10cd1e98cd,False,False,False,False,小角落,people,http://www.zhihu.com/api/v4/people/3a7ffca847f7659192c3fb10cd1e98cd,xiao-jiao-luo-89-34,people
59,0,0,https://pic4.zhimg.com/da8e974dc_is.jpg,https://pic4.zhimg.com/da8e974dc_{size}.jpg,[],0,-1,,80a8e44863d8292588d202d56dbc3ba0,False,False,False,False,豆小娇,people,http://www.zhihu.com/api/v4/people/80a8e44863d8292588d202d56dbc3ba0,dou-xiao-jiao-6,people
60,0,0,https://pic4.zhimg.com/da8e974dc_is.jpg,https://pic4.zhimg.com/da8e974dc_{size}.jpg,[],0,-1,,f616b448615c71b1771f8dd0b77452aa,False,False,False,False,洛伦兹变换器,people,http://www.zhihu.com/api/v4/people/f616b448615c71b1771f8dd0b77452aa,luo-lun-zi-bian-huan-qi,people
61,20,0,https://pic1.zhimg.com/v2-f208b4c1339e2d96948661ebf0a21b0a_is.jpg,https://pic1.zhimg.com/v2-f208b4c1339e2d96948661ebf0a21b0a_{size}.jpg,[],7,-1,吃喝带玩一条小白龙,75c32a8f65a47ce265449b2915e7eb90,False,False,False,False,王珏,people,http://www.zhihu.com/api/v4/people/75c32a8f65a47ce265449b2915e7eb90,wang-jue-38-57,people
62,0,0,https://pic3.zhimg.com/v2-cf06d8956aae53b6d1e0f7d3291b1db5_is.jpg,https://pic3.zhimg.com/v2-cf06d8956aae53b6d1e0f7d3291b1db5_{size}.jpg,[],0,0,商务英语,e9555e891942c6f2c548fa18e9c9fe4c,False,False,False,False,山色空蒙,people,http://www.zhihu.com/api/v4/people/e9555e891942c6f2c548fa18e9c9fe4c,shan-se-kong-meng-85,people
63,0,0,https://pic3.zhimg.com/v2-b015048d174794612a310fb43765c567_is.jpg,https://pic3.zhimg.com/v2-b015048d174794612a310fb43765c567_{size}.jpg,[],0,-1,明知不可为而为之,cd35b64219bd481b2f7d70c78849721c,False,False,False,False,爱吃包子,people,http://www.zhihu.com/api/v4/people/cd35b64219bd481b2f7d70c78849721c,ai-chi-bao-zi-43-42,people
64,0,0,https://pic4.zhimg.com/da8e974dc_is.jpg,https://pic4.zhimg.com/da8e974dc_{size}.jpg,[],0,0,依依妈妈,080c5488ae38f08027fcec307215ef3e,False,False,False,False,ailing chang,people,http://www.zhihu.com/api/v4/people/080c5488ae38f08027fcec307215ef3e,ailing-chang,people
65,0,0,https://pic4.zhimg.com/da8e974dc_is.jpg,https://pic4.zhimg.com/da8e974dc_{size}.jpg,[],0,-1,,66a4423e146028fabec4d8ac88c27870,False,False,False,False,李嵩林,people,http://www.zhihu.com/api/v4/people/66a4423e146028fabec4d8ac88c27870,li-song-lin-11-49,people
66,0,0,https://pic4.zhimg.com/da8e974dc_is.jpg,https://pic4.zhimg.com/da8e974dc_{size}.jpg,[],1,0,,b881dee427b474ab8d99eb2275834158,False,False,False,False,和我一起做蘑菇吧,people,http://www.zhihu.com/api/v4/people/b881dee427b474ab8d99eb2275834158,he-wo-yiqi-zuo-mo-gu-ba,people
67,1,0,https://pic4.zhimg.com/v2-788930703cff74221e1f7129718bd80d_is.jpg,https://pic4.zhimg.com/v2-788930703cff74221e1f7129718bd80d_{size}.jpg,[],0,-1,汽车内饰改装,7e9f7f3e0198ae62fcfa550d7e193f9f,False,False,False,False,喜马拉雅狗,people,http://www.zhihu.com/api/v4/people/7e9f7f3e0198ae62fcfa550d7e193f9f,yibing-dao-di,people
68,1,0,https://pic3.zhimg.com/v2-1bf52c771773205b756bacc61b90d6f3_is.jpg,https://pic3.zhimg.com/v2-1bf52c771773205b756bacc61b90d6f3_{size}.jpg,[],1,0,大学在读,13841ac34c2136bd4b0cb7b4f11d8d44,False,False,False,False,Only,people,http://www.zhihu.com/api/v4/people/13841ac34c2136bd4b0cb7b4f11d8d44,only-24-11,people
69,0,0,https://pic2.zhimg.com/v2-f6ab8f9b4c03ea949f88e79387177a13_is.jpg,https://pic2.zhimg.com/v2-f6ab8f9b4c03ea949f88e79387177a13_{size}.jpg,[],0,0,你的问题多在于读书少,0e308a6268cac4ea8d88037ebbcb1aaa,False,False,False,False,林夕春菊,people,http://www.zhihu.com/api/v4/people/0e308a6268cac4ea8d88037ebbcb1aaa,lin-xi-chun-ju,people
70,0,0,https://pic4.zhimg.com/da8e974dc_is.jpg,https://pic4.zhimg.com/da8e974dc_{size}.jpg,[],0,-1,,6376aeced0367ce806ca055e10914849,False,False,False,False,北冥有鲲,people,http://www.zhihu.com/api/v4/people/6376aeced0367ce806ca055e10914849,bei-ming-you-kun-21,people
71,0,0,https://pic4.zhimg.com/da8e974dc_is.jpg,https://pic4.zhimg.com/da8e974dc_{size}.jpg,[],0,-1,,0aa9018eebc2121f5f92f5b9ec44059f,False,False,False,False,楽識,people,http://www.zhihu.com/api/v4/people/0aa9018eebc2121f5f92f5b9ec44059f,le-shi-86-15,people
72,1,0,https://pic1.zhimg.com/v2-c443d76ebc1a6876627175acb48b63b8_is.jpg,https://pic1.zhimg.com/v2-c443d76ebc1a6876627175acb48b63b8_{size}.jpg,[],1,-1,,418bd603db510ed2a7c7a7dbc6d3bc35,False,False,False,False,白小白,people,http://www.zhihu.com/api/v4/people/418bd603db510ed2a7c7a7dbc6d3bc35,bai-xiao-bai-62-63,people
73,0,0,https://pic3.zhimg.com/v2-bd8a86992791a069dac0c501e200c9eb_is.jpg,https://pic3.zhimg.com/v2-bd8a86992791a069dac0c501e200c9eb_{size}.jpg,[],0,-1,人傻没钱还很丑,32f1ba388384a31d75959ab8a4c8db59,False,False,False,False,我家小狗叫茜茜,people,http://www.zhihu.com/api/v4/people/32f1ba388384a31d75959ab8a4c8db59,wo-jia-xiao-gou-jiao-qian-qian,people
74,0,0,https://pic1.zhimg.com/v2-c9cebbc63b08de20fa22b1015297896b_is.jpg,https://pic1.zhimg.com/v2-c9cebbc63b08de20fa22b1015297896b_{size}.jpg,[],0,-1,,45f04c42cde1c307ca9acd8fcb6d1ad0,False,False,False,False,CoooL,people,http://www.zhihu.com/api/v4/people/45f04c42cde1c307ca9acd8fcb6d1ad0,qi-lin-lin-73-8,people
75,1,0,https://pic3.zhimg.com/v2-8219303713644b22490eb66db0cac753_is.jpg,https://pic3.zhimg.com/v2-8219303713644b22490eb66db0cac753_{size}.jpg,[],0,-1,自由职业行不行,0e4cbfad08c9565826e5ba6d8a8fdefa,False,False,False,False,阿包的西兰花,people,http://www.zhihu.com/api/v4/people/0e4cbfad08c9565826e5ba6d8a8fdefa,a-bao-de-xi-lan-hua,people
76,0,0,https://pic1.zhimg.com/v2-74250b1fb9877b743a33d781e735ebec_is.jpg,https://pic1.zhimg.com/v2-74250b1fb9877b743a33d781e735ebec_{size}.jpg,[],0,1,不喜欢徒步的兽医不是好酒鬼,d328a3bf6c417ad752fabe4848fb1786,False,False,False,False,花前月下一条汪,people,http://www.zhihu.com/api/v4/people/d328a3bf6c417ad752fabe4848fb1786,ju-ta-96,people
77,141,0,https://pic3.zhimg.com/v2-dc1d1c65d0946af36776be56d7d9ae07_is.jpg,https://pic3.zhimg.com/v2-dc1d1c65d0946af36776be56d7d9ae07_{size}.jpg,[],16,1,曾因酒醉鞭名马，生怕情多累美人,34871c3ff72e2df8b7ae119e6dd8b158,False,False,False,False,诗酒趁年华,people,http://www.zhihu.com/api/v4/people/34871c3ff72e2df8b7ae119e6dd8b158,you-tao-77,people
78,0,0,https://pic4.zhimg.com/da8e974dc_is.jpg,https://pic4.zhimg.com/da8e974dc_{size}.jpg,[],0,-1,,4a19bd4f22a899b79d5f0ec7e709fb97,False,False,False,False,超人不吃汤圆,people,http://www.zhihu.com/api/v4/people/4a19bd4f22a899b79d5f0ec7e709fb97,chao-ren-bu-chi-tang-yuan,people
79,10,0,https://pic4.zhimg.com/da8e974dc_is.jpg,https://pic4.zhimg.com/da8e974dc_{size}.jpg,[],6,1,,7904080536e6efb98c88160b5c08dc0a,False,False,False,False,小摆衣,people,http://www.zhihu.com/api/v4/people/7904080536e6efb98c88160b5c08dc0a,xiao-bai-yi-1,people
80,0,0,https://pic4.zhimg.com/da8e974dc_is.jpg,https://pic4.zhimg.com/da8e974dc_{size}.jpg,[],0,-1,,98ddfb42baa9b04ac94da6e59e4edb60,False,False,False,False,会飞的木木,people,http://www.zhihu.com/api/v4/people/98ddfb42baa9b04ac94da6e59e4edb60,AlwaysBesideJess,people
81,0,0,https://pic4.zhimg.com/da8e974dc_is.jpg,https://pic4.zhimg.com/da8e974dc_{size}.jpg,[],6,1,,b34377eb1e5e801bf5b3ef36ba549ba6,False,False,False,False,崔翔杰,people,http://www.zhihu.com/api/v4/people/b34377eb1e5e801bf5b3ef36ba549ba6,cui-xiang-jie-93,people
82,0,0,https://pic4.zhimg.com/v2-9b1f3a096d218e36188fcdf9f4cd4853_is.jpg,https://pic4.zhimg.com/v2-9b1f3a096d218e36188fcdf9f4cd4853_{size}.jpg,[],0,1,夏高大监狱南区 编号B2,6f967c345d260b5e5d0862b4fae1fc27,False,False,False,False,北凉,people,http://www.zhihu.com/api/v4/people/6f967c345d260b5e5d0862b4fae1fc27,bei-liang-43-76,people
83,0,0,https://pic4.zhimg.com/da8e974dc_is.jpg,https://pic4.zhimg.com/da8e974dc_{size}.jpg,[],0,-1,土建,7cebb42626c2210663c44f9b71abd97e,False,False,False,False,呼知,people,http://www.zhihu.com/api/v4/people/7cebb42626c2210663c44f9b71abd97e,hu-zhi-32-87,people
84,0,0,https://pic3.zhimg.com/91a1ecc7ce486d987b5d22b8d9a63545_is.jpg,https://pic3.zhimg.com/91a1ecc7ce486d987b5d22b8d9a63545_{size}.jpg,[],11,-1,,137271e8c6a6f48cc5676f89699991b3,False,False,False,False,瀞0909,people,http://www.zhihu.com/api/v4/people/137271e8c6a6f48cc5676f89699991b3,jing-0909,people
85,0,0,https://pic3.zhimg.com/v2-25b03f1c4b0db10e4c449cf019f2d06d_is.jpg,https://pic3.zhimg.com/v2-25b03f1c4b0db10e4c449cf019f2d06d_{size}.jpg,[],0,-1,会计,0246fd1aa7ad14eb2cc494b83b6edfb9,False,False,False,False,陆浩,people,http://www.zhihu.com/api/v4/people/0246fd1aa7ad14eb2cc494b83b6edfb9,lu-hao-59,people
86,0,0,https://pic4.zhimg.com/v2-57af46d3eaddf90c652d3b6bd8b27aec_is.jpg,https://pic4.zhimg.com/v2-57af46d3eaddf90c652d3b6bd8b27aec_{size}.jpg,[],3,-1,学生,df7d32a3371aa524b5fe87633bf690ec,False,False,False,False,不顾,people,http://www.zhihu.com/api/v4/people/df7d32a3371aa524b5fe87633bf690ec,bu-gu-48-66,people
87,1,0,https://pic4.zhimg.com/da8e974dc_is.jpg,https://pic4.zhimg.com/da8e974dc_{size}.jpg,[],0,-1,中国古哲学者,708b39bcad984dadd98b65337fdd9bec,False,False,False,False,陈一,people,http://www.zhihu.com/api/v4/people/708b39bcad984dadd98b65337fdd9bec,chen-yi-44-86-72,people
88,0,0,https://pic4.zhimg.com/da8e974dc_is.jpg,https://pic4.zhimg.com/da8e974dc_{size}.jpg,[],0,-1,,64063a21e75212f99fb31867fe6a046c,False,False,False,False,嘉嘉,people,http://www.zhihu.com/api/v4/people/64063a21e75212f99fb31867fe6a046c,jia-jia-83-99-20,people
89,0,0,https://pic2.zhimg.com/v2-d253d116f18df77058f511f9a50a8444_is.jpg,https://pic2.zhimg.com/v2-d253d116f18df77058f511f9a50a8444_{size}.jpg,[],2,0,好奇宝宝,7e88cc36c26a96387208266405013982,False,False,False,False,摇摇,people,http://www.zhihu.com/api/v4/people/7e88cc36c26a96387208266405013982,xiao-qun-bai,people
90,0,0,https://pic4.zhimg.com/da8e974dc_is.jpg,https://pic4.zhimg.com/da8e974dc_{size}.jpg,[],0,-1,,d74d363d9d7fba0bcddf911d24fca264,False,False,False,False,丁继成,people,http://www.zhihu.com/api/v4/people/d74d363d9d7fba0bcddf911d24fca264,ding-ji-cheng-53,people
91,0,0,https://pic4.zhimg.com/da8e974dc_is.jpg,https://pic4.zhimg.com/da8e974dc_{size}.jpg,[],0,-1,,2174e6756a0ff9ae85a8c3b0a0a4d07e,False,False,False,False,Mr.jiang,people,http://www.zhihu.com/api/v4/people/2174e6756a0ff9ae85a8c3b0a0a4d07e,mr-jiang-73-21,people
92,0,0,https://pic4.zhimg.com/v2-ff57e21008fd0d573ccc663fe37b6aab_is.jpg,https://pic4.zhimg.com/v2-ff57e21008fd0d573ccc663fe37b6aab_{size}.jpg,[],0,0,,d50f39961b3bff1c4fe8acba8b49d316,False,False,False,False,Zinnia,people,http://www.zhihu.com/api/v4/people/d50f39961b3bff1c4fe8acba8b49d316,zinnia-61-36,people
93,0,0,https://pic4.zhimg.com/da8e974dc_is.jpg,https://pic4.zhimg.com/da8e974dc_{size}.jpg,[],0,0,,b57203877231935fc96334c1ec787816,False,False,False,False,海蒂,people,http://www.zhihu.com/api/v4/people/b57203877231935fc96334c1ec787816,zhang-hui-ping-32,people
94,1,0,https://pic4.zhimg.com/da8e974dc_is.jpg,https://pic4.zhimg.com/da8e974dc_{size}.jpg,[],0,-1,学生,3e3294add41d2a8e8e14ab8bf897a719,False,False,False,False,花花世界不必当真,people,http://www.zhihu.com/api/v4/people/3e3294add41d2a8e8e14ab8bf897a719,hua-hua-shi-jie-bu-bi-dang-zhen-75,people
95,0,0,https://pic4.zhimg.com/62a706b744173f5ae682e727beb67018_is.jpg,https://pic4.zhimg.com/62a706b744173f5ae682e727beb67018_{size}.jpg,[],0,0,东隅已逝，桑榆非晚,93f149e323e3c00e372f3c17599590e1,False,False,False,False,郑隆,people,http://www.zhihu.com/api/v4/people/93f149e323e3c00e372f3c17599590e1,zheng-long-86-7,people
96,6,0,https://pic4.zhimg.com/da8e974dc_is.jpg,https://pic4.zhimg.com/da8e974dc_{size}.jpg,[],4,1,中药学，多用式菜鸟,1e7444d1babd7819c9ea33e1003b9a33,False,False,False,False,吴凯泽,people,http://www.zhihu.com/api/v4/people/1e7444d1babd7819c9ea33e1003b9a33,wu-kai-yi,people
97,2,0,https://pic2.zhimg.com/v2-f2a6a0d66031f30f4e3572e4c8900306_is.jpg,https://pic2.zhimg.com/v2-f2a6a0d66031f30f4e3572e4c8900306_{size}.jpg,[],7,-1,,e83049affc8e6f953f7cad93ab44e3d1,False,False,False,False,immortal,people,http://www.zhihu.com/api/v4/people/e83049affc8e6f953f7cad93ab44e3d1,wang-guang-lei-41,people
98,0,0,https://pic4.zhimg.com/da8e974dc_is.jpg,https://pic4.zhimg.com/da8e974dc_{size}.jpg,[],0,-1,,a8b582993760010c48680a8f722711c2,False,False,False,False,小念妈,people,http://www.zhihu.com/api/v4/people/a8b582993760010c48680a8f722711c2,xiao-nian-ma-50,people
99,0,0,https://pic4.zhimg.com/v2-49f41516780713b61a1021b525b00cb9_is.jpg,https://pic4.zhimg.com/v2-49f41516780713b61a1021b525b00cb9_{size}.jpg,[],0,-1,刚入小社会的狗子,208e68b69e0f3858d79bae6146033123,False,False,False,False,此间小少年,people,http://www.zhihu.com/api/v4/people/208e68b69e0f3858d79bae6146033123,yi-guan-qin-shou-67-34,people
100,0,0,https://pic4.zhimg.com/da8e974dc_is.jpg,https://pic4.zhimg.com/da8e974dc_{size}.jpg,[],0,-1,,9b141ede486d46cb7daddf4ac10e0a67,False,False,False,False,折衣,people,http://www.zhihu.com/api/v4/people/9b141ede486d46cb7daddf4ac10e0a67,zhe-yi-98-83,people
101,0,0,https://pic4.zhimg.com/da8e974dc_is.jpg,https://pic4.zhimg.com/da8e974dc_{size}.jpg,[],0,-1,,499faa0035f1f95d8cd8f552b1fd2efc,False,False,False,False,林哥,people,http://www.zhihu.com/api/v4/people/499faa0035f1f95d8cd8f552b1fd2efc,lin-ge-90-55,people
102,3,0,https://pic2.zhimg.com/v2-3d371a83f9c8802753bbbbdf2ece6e7a_is.jpg,https://pic2.zhimg.com/v2-3d371a83f9c8802753bbbbdf2ece6e7a_{size}.jpg,[],0,1,甜点 医美 WOWer 集各种对立人格于一身的………人？,fba62c9485790a9a8e9b720f40ef5285,False,False,False,False,Ketty,people,http://www.zhihu.com/api/v4/people/fba62c9485790a9a8e9b720f40ef5285,ketty-42,people
103,0,0,https://pic2.zhimg.com/v2-0ecf49e85d670bbe2b583032a9248b7b_is.jpg,https://pic2.zhimg.com/v2-0ecf49e85d670bbe2b583032a9248b7b_{size}.jpg,[],0,0,,ec1c439e9c919c5864b868f9742e9717,False,False,False,False,飞行的小妞儿,people,http://www.zhihu.com/api/v4/people/ec1c439e9c919c5864b868f9742e9717,fei-xing-de-xiao-niu-er,people
104,0,0,https://pic4.zhimg.com/5fe03c09f1424410c295b963d4d99b17_is.jpg,https://pic4.zhimg.com/5fe03c09f1424410c295b963d4d99b17_{size}.jpg,[],0,-1,,91535592c0a95c3b76e794cc58e2fce6,False,False,False,False,我挺好,people,http://www.zhihu.com/api/v4/people/91535592c0a95c3b76e794cc58e2fce6,shang-di-shi-ge-nu-hai-92,people
105,0,0,https://pic4.zhimg.com/da8e974dc_is.jpg,https://pic4.zhimg.com/da8e974dc_{size}.jpg,[],0,-1,金融相关专业在读,3c69b0953a4d9438b9111bc831146536,False,False,False,False,小朋友,people,http://www.zhihu.com/api/v4/people/3c69b0953a4d9438b9111bc831146536,xiao-peng-you-46-11,people
106,0,0,https://pic4.zhimg.com/da8e974dc_is.jpg,https://pic4.zhimg.com/da8e974dc_{size}.jpg,[],0,-1,,36f544f1f3f86295f936986c9ca09998,False,False,False,False,者也,people,http://www.zhihu.com/api/v4/people/36f544f1f3f86295f936986c9ca09998,zhe-ye-98-30-87,people
107,1,0,https://pic2.zhimg.com/v2-2231fe7d192100a2514571aaee58383b_is.jpg,https://pic2.zhimg.com/v2-2231fe7d192100a2514571aaee58383b_{size}.jpg,[],0,0,我是来看如何自己改造旧物的。,541bd0f03fdf117b4cb93d2743f56b63,False,False,False,False,低调的黄Laoshi,people,http://www.zhihu.com/api/v4/people/541bd0f03fdf117b4cb93d2743f56b63,di-diao-huang-laoshi,people
108,0,0,https://pic4.zhimg.com/da8e974dc_is.jpg,https://pic4.zhimg.com/da8e974dc_{size}.jpg,[],0,-1,,6da9bfd3da7b0de720991deed3e7aed0,False,False,False,False,Mr.张,people,http://www.zhihu.com/api/v4/people/6da9bfd3da7b0de720991deed3e7aed0,mr-zhang-16-20,people
109,26,0,https://pic4.zhimg.com/v2-55976d0de9f63d89886809d705dcaa23_is.jpg,https://pic4.zhimg.com/v2-55976d0de9f63d89886809d705dcaa23_{size}.jpg,[],1,-1,企业白领,90be844fe686ab5e4a3beb527579708c,False,False,False,False,汤司令,people,http://www.zhihu.com/api/v4/people/90be844fe686ab5e4a3beb527579708c,wang-ren-1-85,people
110,0,0,https://pic2.zhimg.com/v2-1c86b014453f2ac2ebceec7b126fa062_is.jpg,https://pic2.zhimg.com/v2-1c86b014453f2ac2ebceec7b126fa062_{size}.jpg,[],0,-1,攻城狮,37efed0e3b9ea477e1603f6065dd625b,False,False,False,False,德里克费舍尔,people,http://www.zhihu.com/api/v4/people/37efed0e3b9ea477e1603f6065dd625b,fang-wei-zhao-74,people
111,0,0,https://pic1.zhimg.com/v2-93e02c2a98ba589bb4708bbe66854fd3_is.jpg,https://pic1.zhimg.com/v2-93e02c2a98ba589bb4708bbe66854fd3_{size}.jpg,[],4,-1,,f20ebcde53dbbcfe8c075816187341b4,False,False,False,False,MsHZ,people,http://www.zhihu.com/api/v4/people/f20ebcde53dbbcfe8c075816187341b4,mshz,people
112,0,0,https://pic4.zhimg.com/da8e974dc_is.jpg,https://pic4.zhimg.com/da8e974dc_{size}.jpg,[],0,-1,,f7d9ae16bf6356a3b4a444cb878ea43d,False,False,False,False,方小猫米,people,http://www.zhihu.com/api/v4/people/f7d9ae16bf6356a3b4a444cb878ea43d,fang-xiao-mao-mi,people
113,0,0,https://pic1.zhimg.com/4bd1a8184f2aae8d66d07df9aa2c2c57_is.jpg,https://pic1.zhimg.com/4bd1a8184f2aae8d66d07df9aa2c2c57_{size}.jpg,[],3,1,我是学生,76e0b4fe3b9b2d3baff5d254962df348,False,False,False,False,王亚凡,people,http://www.zhihu.com/api/v4/people/76e0b4fe3b9b2d3baff5d254962df348,wang-ya-fan-49,people
114,0,0,https://pic4.zhimg.com/da8e974dc_is.jpg,https://pic4.zhimg.com/da8e974dc_{size}.jpg,[],0,-1,,3bd124b8c9bb73a646bf01c58e457474,False,False,False,False,浪人,people,http://www.zhihu.com/api/v4/people/3bd124b8c9bb73a646bf01c58e457474,lang-ren-57-66,people
115,0,0,https://pic4.zhimg.com/da8e974dc_is.jpg,https://pic4.zhimg.com/da8e974dc_{size}.jpg,[],0,-1,,1979ff5b5e8647efea25393681ffebc1,False,False,False,False,GiGI,people,http://www.zhihu.com/api/v4/people/1979ff5b5e8647efea25393681ffebc1,gigi-31-77,people
116,7,0,https://pic4.zhimg.com/v2-544debaeb592f80e85fbb07a7e121a3b_is.jpg,https://pic4.zhimg.com/v2-544debaeb592f80e85fbb07a7e121a3b_{size}.jpg,[],0,-1,拯救发际线,efcf8255dbe8688a1f6f1886461bbf1b,False,False,False,False,风中的露珠,people,http://www.zhihu.com/api/v4/people/efcf8255dbe8688a1f6f1886461bbf1b,feng-zhong-de-lu-zhu,people
117,1,0,https://pic4.zhimg.com/da8e974dc_is.jpg,https://pic4.zhimg.com/da8e974dc_{size}.jpg,[],0,-1,舞蹈学生,6f3c8402876acd191babc15358691ce7,False,False,False,False,张越,people,http://www.zhihu.com/api/v4/people/6f3c8402876acd191babc15358691ce7,zhang-yue-59-35-9,people
118,0,0,https://pic4.zhimg.com/da8e974dc_is.jpg,https://pic4.zhimg.com/da8e974dc_{size}.jpg,[],0,-1,,1e2a1a0d8ba40ae96fddc5eff350ff08,False,False,False,False,better me,people,http://www.zhihu.com/api/v4/people/1e2a1a0d8ba40ae96fddc5eff350ff08,better-me-83-29,people
119,0,0,https://pic3.zhimg.com/v2-4b8a0b2d0c1d5a7868c3873cdf0d50c4_is.jpg,https://pic3.zhimg.com/v2-4b8a0b2d0c1d5a7868c3873cdf0d50c4_{size}.jpg,[],0,-1,,affe57fdbb2ba99ef04c2e2fbb8c717a,False,False,False,False,JYF,people,http://www.zhihu.com/api/v4/people/affe57fdbb2ba99ef04c2e2fbb8c717a,jyf-54-50,people
120,0,0,https://pic4.zhimg.com/da8e974dc_is.jpg,https://pic4.zhimg.com/da8e974dc_{size}.jpg,[],0,-1,,fa0766aee7d516f52935f597243e68a8,False,False,False,False,薇薇,people,http://www.zhihu.com/api/v4/people/fa0766aee7d516f52935f597243e68a8,wei-wei-19-35-85,people
121,0,0,https://pic4.zhimg.com/da8e974dc_is.jpg,https://pic4.zhimg.com/da8e974dc_{size}.jpg,[],0,-1,,2304abe905f122c29442d1a650adbdc7,False,False,False,False,幕哩个幕,people,http://www.zhihu.com/api/v4/people/2304abe905f122c29442d1a650adbdc7,mu-li-ge-mu-42,people
122,0,0,https://pic4.zhimg.com/da8e974dc_is.jpg,https://pic4.zhimg.com/da8e974dc_{size}.jpg,[],0,-1,,ab5673f36a9cf42b1cd3fe76319a5a3c,False,False,False,False,成勇啊,people,http://www.zhihu.com/api/v4/people/ab5673f36a9cf42b1cd3fe76319a5a3c,cheng-yong-a,people
123,0,0,https://pic4.zhimg.com/da8e974dc_is.jpg,https://pic4.zhimg.com/da8e974dc_{size}.jpg,[],0,-1,,86e41dc1082fa1c9326a6c4201880e98,False,False,False,False,Nickliu,people,http://www.zhihu.com/api/v4/people/86e41dc1082fa1c9326a6c4201880e98,nickliu-11-58,people
124,1,0,https://pic1.zhimg.com/v2-84f6e6b6044ba92cb277bc6e6641b0ef_is.jpg,https://pic1.zhimg.com/v2-84f6e6b6044ba92cb277bc6e6641b0ef_{size}.jpg,[],0,-1,苟且偷生,583944317fb4e92684f21547c617cc83,False,False,False,False,无言,people,http://www.zhihu.com/api/v4/people/583944317fb4e92684f21547c617cc83,wu-yan-58-57-9,people
125,0,0,https://pic3.zhimg.com/v2-0ae34f34979982685eb077e03db1278a_is.jpg,https://pic3.zhimg.com/v2-0ae34f34979982685eb077e03db1278a_{size}.jpg,[],1,-1,艰难困苦，玉汝于成,7772bf9e1241423a14911945de4448f7,False,False,False,False,ImpromptuWharton,people,http://www.zhihu.com/api/v4/people/7772bf9e1241423a14911945de4448f7,chen-xiang-98-21-46,people
126,0,0,https://pic2.zhimg.com/v2-8b655a09b535488d9175f53d992140fb_is.jpg,https://pic2.zhimg.com/v2-8b655a09b535488d9175f53d992140fb_{size}.jpg,[],0,0,三观不同 互相尊重,fcfbdf6335d84492ecf923a37a103cd7,False,False,False,False,放纵,people,http://www.zhihu.com/api/v4/people/fcfbdf6335d84492ecf923a37a103cd7,fang-zong-40-64,people
127,4,0,https://pic3.zhimg.com/v2-ed067b7a79f873e3a00c6b471fd43059_is.jpg,https://pic3.zhimg.com/v2-ed067b7a79f873e3a00c6b471fd43059_{size}.jpg,[],1,-1,,91431ba4838bc6e0db0ee934ce38e08a,False,False,False,False,春风过夜页页翻,people,http://www.zhihu.com/api/v4/people/91431ba4838bc6e0db0ee934ce38e08a,chun-feng-guo-ye-ye-ye-fan,people
128,0,0,https://pic4.zhimg.com/da8e974dc_is.jpg,https://pic4.zhimg.com/da8e974dc_{size}.jpg,[],0,-1,,f2634d767b3d290d0230bf92baf9c24e,False,False,False,False,ccsola,people,http://www.zhihu.com/api/v4/people/f2634d767b3d290d0230bf92baf9c24e,ccsola,people
129,0,0,https://pic4.zhimg.com/da8e974dc_is.jpg,https://pic4.zhimg.com/da8e974dc_{size}.jpg,[],0,-1,,ef04a6ef783a69b17dfed087129b7480,False,False,False,False,呃呃,people,http://www.zhihu.com/api/v4/people/ef04a6ef783a69b17dfed087129b7480,e-e-6-38-62,people
130,0,0,https://pic1.zhimg.com/v2-021f8c4f2bf18ef3eb9a3236755cfed9_is.jpg,https://pic1.zhimg.com/v2-021f8c4f2bf18ef3eb9a3236755cfed9_{size}.jpg,[],0,0,学生，肤浅无知,a072c5d1974debcb062e3ea9e7950ba8,False,False,False,False,艾没熄,people,http://www.zhihu.com/api/v4/people/a072c5d1974debcb062e3ea9e7950ba8,ai-mei-xi-68,people
131,0,0,https://pic4.zhimg.com/da8e974dc_is.jpg,https://pic4.zhimg.com/da8e974dc_{size}.jpg,[],0,-1,,fde3e705b67e25c412bc02b7b274d863,False,False,False,False,奇葩是一种格调,people,http://www.zhihu.com/api/v4/people/fde3e705b67e25c412bc02b7b274d863,qi-pa-shi-yi-chong-ge-diao-47,people
132,0,0,https://pic4.zhimg.com/da8e974dc_is.jpg,https://pic4.zhimg.com/da8e974dc_{size}.jpg,[],0,-1,,cc78f9e3b22c4afd7768868f46a8e998,False,False,False,False,Krokodil,people,http://www.zhihu.com/api/v4/people/cc78f9e3b22c4afd7768868f46a8e998,krokodil-11,people
133,0,0,https://pic4.zhimg.com/da8e974dc_is.jpg,https://pic4.zhimg.com/da8e974dc_{size}.jpg,[],0,-1,,c5544b7e8082060020fd9fb956c06d59,False,False,False,False,lee,people,http://www.zhihu.com/api/v4/people/c5544b7e8082060020fd9fb956c06d59,lee-64-37-61,people
134,0,0,https://pic4.zhimg.com/da8e974dc_is.jpg,https://pic4.zhimg.com/da8e974dc_{size}.jpg,[],0,-1,,94e3d3eab66ce9cf359b4d0dd16b6fd7,False,False,False,False,好奇新事物,people,http://www.zhihu.com/api/v4/people/94e3d3eab66ce9cf359b4d0dd16b6fd7,hao-qi-xin-shi-wu,people
135,22,0,https://pic4.zhimg.com/v2-753303d629f86ffb31c3af69a5da64be_is.jpg,https://pic4.zhimg.com/v2-753303d629f86ffb31c3af69a5da64be_{size}.jpg,[],0,-1,会觉得你奇怪的人，本来就和你不合适阿。,b51abd321778fdb20520671c2db2ee66,False,False,False,False,嗨喽,people,http://www.zhihu.com/api/v4/people/b51abd321778fdb20520671c2db2ee66,yu-chou-chou-58-30,people
136,0,0,https://pic1.zhimg.com/v2-8a1ed82a5e4740a888793aa96315bfec_is.jpg,https://pic1.zhimg.com/v2-8a1ed82a5e4740a888793aa96315bfec_{size}.jpg,[],0,-1,,5bbc7a1ba7be87e21689cfc388d37330,False,False,False,False,SDY,people,http://www.zhihu.com/api/v4/people/5bbc7a1ba7be87e21689cfc388d37330,sdy-14-78,people
137,0,0,https://pic4.zhimg.com/da8e974dc_is.jpg,https://pic4.zhimg.com/da8e974dc_{size}.jpg,[],0,-1,前端开发在读,c5b8d5f442af8bff3d920f48ac747fa7,False,False,False,False,臻芯,people,http://www.zhihu.com/api/v4/people/c5b8d5f442af8bff3d920f48ac747fa7,zhen-xin-93-82,people
138,1,0,https://pic4.zhimg.com/v2-c500a6975c53154bad1ae56e2af7f3fc_is.jpg,https://pic4.zhimg.com/v2-c500a6975c53154bad1ae56e2af7f3fc_{size}.jpg,[],0,0,喜欢园艺,6f80286a85e0a402939e3ea63782dc09,False,False,False,False,Besamma,people,http://www.zhihu.com/api/v4/people/6f80286a85e0a402939e3ea63782dc09,li-lena-11,people
139,60,0,https://pic4.zhimg.com/v2-19290df256090254dffdbf28d3cf6f9c_is.jpg,https://pic4.zhimg.com/v2-19290df256090254dffdbf28d3cf6f9c_{size}.jpg,[],94,-1,土木,9e73cad95079868771a993883faea1d8,False,False,False,False,假行僧,people,http://www.zhihu.com/api/v4/people/9e73cad95079868771a993883faea1d8,jiang--ming-38,people
140,0,0,https://pic3.zhimg.com/v2-ed50c9916ed198b5e8f8b5dc16da73eb_is.jpg,https://pic3.zhimg.com/v2-ed50c9916ed198b5e8f8b5dc16da73eb_{size}.jpg,[],0,0,,db64e286d93ceb1897191872d1ec176d,False,False,False,False,Boayuner,people,http://www.zhihu.com/api/v4/people/db64e286d93ceb1897191872d1ec176d,boayuner,people
141,0,0,https://pic4.zhimg.com/da8e974dc_is.jpg,https://pic4.zhimg.com/da8e974dc_{size}.jpg,[],0,-1,,48892234997020afcacccde8d1420696,False,False,False,False,孟小球,people,http://www.zhihu.com/api/v4/people/48892234997020afcacccde8d1420696,meng-xiao-qiu-99,people
142,0,0,https://pic4.zhimg.com/da8e974dc_is.jpg,https://pic4.zhimg.com/da8e974dc_{size}.jpg,[],0,-1,,e1f0b3ed1f29dfb21a443b790c634cf1,False,False,False,False,酋长大人,people,http://www.zhihu.com/api/v4/people/e1f0b3ed1f29dfb21a443b790c634cf1,qiu-chang-da-ren-49-65,people
143,0,0,https://pic4.zhimg.com/da8e974dc_is.jpg,https://pic4.zhimg.com/da8e974dc_{size}.jpg,[],0,-1,,542fe73b4f7d330b364c23b207f0e092,False,False,False,False,西城,people,http://www.zhihu.com/api/v4/people/542fe73b4f7d330b364c23b207f0e092,xi-cheng-66-23,people
144,0,0,https://pic4.zhimg.com/da8e974dc_is.jpg,https://pic4.zhimg.com/da8e974dc_{size}.jpg,[],0,-1,,24d685bfa82fe3a69f815b6390ca95c8,False,False,False,False,了解一下,people,http://www.zhihu.com/api/v4/people/24d685bfa82fe3a69f815b6390ca95c8,liao-jie-yi-xia-90-34,people
145,0,0,https://pic4.zhimg.com/da8e974dc_is.jpg,https://pic4.zhimg.com/da8e974dc_{size}.jpg,[],0,-1,,84d0f93ca385784a034b50f6794c5624,False,False,False,False,maggle,people,http://www.zhihu.com/api/v4/people/84d0f93ca385784a034b50f6794c5624,maggle-7,people
146,0,0,https://pic4.zhimg.com/da8e974dc_is.jpg,https://pic4.zhimg.com/da8e974dc_{size}.jpg,[],0,-1,项目管理,e1d9765ae6da1992fc63ecbc67c74bad,False,False,False,False,向品平,people,http://www.zhihu.com/api/v4/people/e1d9765ae6da1992fc63ecbc67c74bad,xiang-pin-ping-99,people
147,0,0,https://pic4.zhimg.com/v2-a9080abe6f519e8eb3e6b10982978feb_is.jpg,https://pic4.zhimg.com/v2-a9080abe6f519e8eb3e6b10982978feb_{size}.jpg,[],0,0,一蓑烟雨任平生！,23225a580b727dc80f486f92acb7329c,False,False,False,False,兼职赚,people,http://www.zhihu.com/api/v4/people/23225a580b727dc80f486f92acb7329c,jian-zhi-zhuan,people
148,3,0,https://pic4.zhimg.com/4d81e4b48fe9fff1e26a6963eae1b8f5_is.jpg,https://pic4.zhimg.com/4d81e4b48fe9fff1e26a6963eae1b8f5_{size}.jpg,[],25,1,机械工程学生,8e8178d90eb760078490e05fecd00f54,False,False,False,False,马志远,people,http://www.zhihu.com/api/v4/people/8e8178d90eb760078490e05fecd00f54,ma-zhi-yuan-22,people
149,12,0,https://pic2.zhimg.com/v2-ff99934ca7339e4b6269c56863df727a_is.jpg,https://pic2.zhimg.com/v2-ff99934ca7339e4b6269c56863df727a_{size}.jpg,[],1,1,程序猿患者,5d4a1c0f9468d3b1119a5ed441432188,False,False,False,False,Arvin,people,http://www.zhihu.com/api/v4/people/5d4a1c0f9468d3b1119a5ed441432188,arvin-96-63,people
150,1,0,https://pic3.zhimg.com/081b48cd757ba31057e4e015cfc188ea_is.jpg,https://pic3.zhimg.com/081b48cd757ba31057e4e015cfc188ea_{size}.jpg,[],0,-1,美容外科医生,87ad1259a4e6e4995bd20e5b0465edf4,False,False,False,False,黄杰,people,http://www.zhihu.com/api/v4/people/87ad1259a4e6e4995bd20e5b0465edf4,huang-jie-6-25,people
151,0,0,https://pic4.zhimg.com/da8e974dc_is.jpg,https://pic4.zhimg.com/da8e974dc_{size}.jpg,[],0,-1,,6243bd748b524586239ff174d023e8d2,False,False,False,False,山水,people,http://www.zhihu.com/api/v4/people/6243bd748b524586239ff174d023e8d2,shan-shui-49-59-8,people
152,1,0,https://pic4.zhimg.com/da8e974dc_is.jpg,https://pic4.zhimg.com/da8e974dc_{size}.jpg,[],0,-1,,0e91784cf28bcd437d879584b8384577,False,False,False,False,19991216,people,http://www.zhihu.com/api/v4/people/0e91784cf28bcd437d879584b8384577,kong-si-ce,people
153,12,0,https://pic4.zhimg.com/v2-81a8219066b38de3fdd5d2cc3029ac67_is.jpg,https://pic4.zhimg.com/v2-81a8219066b38de3fdd5d2cc3029ac67_{size}.jpg,[],6,0,野渡无人舟自横.,f4433e459608a9f69016dd7cfd146b94,False,False,False,False,Unique,people,http://www.zhihu.com/api/v4/people/f4433e459608a9f69016dd7cfd146b94,wu-shi-41-29,people
154,0,0,https://pic4.zhimg.com/da8e974dc_is.jpg,https://pic4.zhimg.com/da8e974dc_{size}.jpg,[],2,-1,,3b9be5ce48d614a875be48c6cdbc9409,False,False,False,False,雪天雨天晴天,people,http://www.zhihu.com/api/v4/people/3b9be5ce48d614a875be48c6cdbc9409,xue-tian-yu-tian-qing-tian,people
155,0,0,https://pic4.zhimg.com/da8e974dc_is.jpg,https://pic4.zhimg.com/da8e974dc_{size}.jpg,[],0,-1,焊工,b633a5e176d7cd5fa3e1f14c6e0387c7,False,False,False,False,做大娱乐家,people,http://www.zhihu.com/api/v4/people/b633a5e176d7cd5fa3e1f14c6e0387c7,zuo-da-yu-le-jia-22,people
156,0,0,https://pic4.zhimg.com/da8e974dc_is.jpg,https://pic4.zhimg.com/da8e974dc_{size}.jpg,[],0,-1,,4b040ea73e1e9a851d96788a3e94225c,False,False,False,False,凉爽的风,people,http://www.zhihu.com/api/v4/people/4b040ea73e1e9a851d96788a3e94225c,liang-shuang-de-feng-21,people
157,0,0,https://pic2.zhimg.com/v2-a53978fbba91ab951e24aca49500daf9_is.jpg,https://pic2.zhimg.com/v2-a53978fbba91ab951e24aca49500daf9_{size}.jpg,[],13,-1,专门找事的耿直星人。,de6f6e8efa7d8ce938d6bc29baff5ea7,False,False,False,False,许大正经,people,http://www.zhihu.com/api/v4/people/de6f6e8efa7d8ce938d6bc29baff5ea7,ha-ha-ha-14-98-82,people
158,0,0,https://pic4.zhimg.com/da8e974dc_is.jpg,https://pic4.zhimg.com/da8e974dc_{size}.jpg,[],0,-1,,b538bfde21903d61b09f7d57f33caca0,False,False,False,False,青春,people,http://www.zhihu.com/api/v4/people/b538bfde21903d61b09f7d57f33caca0,qing-chun-24-5,people
159,1,0,https://pic2.zhimg.com/v2-cc3e40751a5329858dd6ec291c50c522_is.jpg,https://pic2.zhimg.com/v2-cc3e40751a5329858dd6ec291c50c522_{size}.jpg,[],2,-1,大二学生,9c840c23282268748beb5f4e5237529d,False,False,False,False,奔波儿灞,people,http://www.zhihu.com/api/v4/people/9c840c23282268748beb5f4e5237529d,zheng-qing-11-96,people
160,10,0,https://pic1.zhimg.com/eb900210d3efa38a3a1fac1dee8260b3_is.jpg,https://pic1.zhimg.com/eb900210d3efa38a3a1fac1dee8260b3_{size}.jpg,[],1,0,埋头！,8603826608c403b3fd0746b69a0384bd,False,False,False,False,圆滚滚,people,http://www.zhihu.com/api/v4/people/8603826608c403b3fd0746b69a0384bd,da-xin-xin-23,people
161,0,0,https://pic4.zhimg.com/da8e974dc_is.jpg,https://pic4.zhimg.com/da8e974dc_{size}.jpg,[],0,0,……,0ffea100737f2583217a3fdeb2bbc694,False,False,False,False,温莎,people,http://www.zhihu.com/api/v4/people/0ffea100737f2583217a3fdeb2bbc694,liu-yi-fan-3-54,people
162,0,0,https://pic4.zhimg.com/da8e974dc_is.jpg,https://pic4.zhimg.com/da8e974dc_{size}.jpg,[],0,-1,,39ec6a2a3204efd19449081a3e360d9c,False,False,False,False,ndxbhhn,people,http://www.zhihu.com/api/v4/people/39ec6a2a3204efd19449081a3e360d9c,ndxbhhn-99,people
163,0,0,https://pic4.zhimg.com/da8e974dc_is.jpg,https://pic4.zhimg.com/da8e974dc_{size}.jpg,[],0,-1,,068ebe63275ad7c902c6ad4f3a6c77c2,False,False,False,False,小绿豆的太阳花,people,http://www.zhihu.com/api/v4/people/068ebe63275ad7c902c6ad4f3a6c77c2,xiao-lu-dou-de-tai-yang-hua-85-27,people
164,0,0,https://pic3.zhimg.com/v2-f4dc08aad2b559bc7489f1192667299a_is.jpg,https://pic3.zhimg.com/v2-f4dc08aad2b559bc7489f1192667299a_{size}.jpg,[],0,-1,无,70d4704cef0eb71a47211a97b58c65f0,False,False,False,False,远雨流长,people,http://www.zhihu.com/api/v4/people/70d4704cef0eb71a47211a97b58c65f0,yuan-yu-liu-chang,people
165,3,0,https://pic4.zhimg.com/v2-101b1a98b51f9fdd5fc42af3344cd61f_is.jpg,https://pic4.zhimg.com/v2-101b1a98b51f9fdd5fc42af3344cd61f_{size}.jpg,[],1,0,求同存异，和而不同,b381ea2cc78552a7d20dd31307d856df,False,False,False,False,Greenwine,people,http://www.zhihu.com/api/v4/people/b381ea2cc78552a7d20dd31307d856df,su-xiu-7,people
166,10,0,https://pic3.zhimg.com/v2-d4927a34c5155adda587cd6959fb4513_is.jpg,https://pic3.zhimg.com/v2-d4927a34c5155adda587cd6959fb4513_{size}.jpg,[],3,1,你从哪里来，又到哪里去？,86aaebcc16d3e772fbb4c9a250b8cb0a,False,False,False,False,朱和安,people,http://www.zhihu.com/api/v4/people/86aaebcc16d3e772fbb4c9a250b8cb0a,zhu-he-an-75,people
167,0,0,https://pic4.zhimg.com/da8e974dc_is.jpg,https://pic4.zhimg.com/da8e974dc_{size}.jpg,[],0,-1,,d22f86eaeae9d30e2eae7e5d4502b864,False,False,False,False,芉绵,people,http://www.zhihu.com/api/v4/people/d22f86eaeae9d30e2eae7e5d4502b864,gan-mian-2,people
168,18,0,https://pic3.zhimg.com/v2-5a3e77e0b12cd265973372b6254ecd0e_is.jpg,https://pic3.zhimg.com/v2-5a3e77e0b12cd265973372b6254ecd0e_{size}.jpg,[],0,-1,FFF,11f532b228e180805e04e3fb9dc4e3b5,False,False,False,False,C-DICAR,people,http://www.zhihu.com/api/v4/people/11f532b228e180805e04e3fb9dc4e3b5,yang-li-ming-ming-ming-ming-ming-ming,people
169,0,1,https://pic3.zhimg.com/v2-e5ab18ad423854ee3880038c38c92503_is.jpg,https://pic3.zhimg.com/v2-e5ab18ad423854ee3880038c38c92503_{size}.jpg,[],0,-1,,66f1462a0b897d0d29389cf05c98e85b,False,False,False,False,不哭死神,people,http://www.zhihu.com/api/v4/people/66f1462a0b897d0d29389cf05c98e85b,bu-ku-si-shen-41,people
170,0,0,https://pic4.zhimg.com/da8e974dc_is.jpg,https://pic4.zhimg.com/da8e974dc_{size}.jpg,[],0,-1,,9a2530f306639d130fbb2f882da5951b,False,False,False,False,格子,people,http://www.zhihu.com/api/v4/people/9a2530f306639d130fbb2f882da5951b,qian-ceng-hu-di-de-shui-guai-91,people
171,0,0,https://pic4.zhimg.com/da8e974dc_is.jpg,https://pic4.zhimg.com/da8e974dc_{size}.jpg,[],0,-1,,96b3c38832bce3ae76ddaa890abbf35a,False,False,False,False,安若浅溪,people,http://www.zhihu.com/api/v4/people/96b3c38832bce3ae76ddaa890abbf35a,an-ruo-qian-xi-69,people
172,1,0,https://pic4.zhimg.com/da8e974dc_is.jpg,https://pic4.zhimg.com/da8e974dc_{size}.jpg,[],0,1,大学狗,e8c85e728ff58b47160ecfd37fc7715b,False,False,False,False,达达大官人,people,http://www.zhihu.com/api/v4/people/e8c85e728ff58b47160ecfd37fc7715b,da-da-da-guan-ren,people
173,4,0,https://pic4.zhimg.com/da8e974dc_is.jpg,https://pic4.zhimg.com/da8e974dc_{size}.jpg,[],3,1,电气工程师,62ab1e4d8e414e8dfc85d472a08f327e,False,False,False,False,华烨,people,http://www.zhihu.com/api/v4/people/62ab1e4d8e414e8dfc85d472a08f327e,hua-ye-36,people
174,0,0,https://pic4.zhimg.com/v2-c6e9230f3c8ec4e2b3ded2a72a74d75c_is.jpg,https://pic4.zhimg.com/v2-c6e9230f3c8ec4e2b3ded2a72a74d75c_{size}.jpg,[],3,-1,百年天明,d4dffcdced882bb6cb0b997bad0190b7,False,False,False,False,姜明,people,http://www.zhihu.com/api/v4/people/d4dffcdced882bb6cb0b997bad0190b7,hua-bei-zhong-gong,people
175,0,0,https://pic3.zhimg.com/0bf30b03cda2d959ac895cffbf6af371_is.jpg,https://pic3.zhimg.com/0bf30b03cda2d959ac895cffbf6af371_{size}.jpg,[],0,-1,,8cd35432882ab7b6b860cf7ee968c471,False,False,False,False,wicked49,people,http://www.zhihu.com/api/v4/people/8cd35432882ab7b6b860cf7ee968c471,wicked49-6,people
176,0,0,https://pic4.zhimg.com/da8e974dc_is.jpg,https://pic4.zhimg.com/da8e974dc_{size}.jpg,[],0,-1,,3048bfced37d04a04b35e72987a17842,False,False,False,False,cjh,people,http://www.zhihu.com/api/v4/people/3048bfced37d04a04b35e72987a17842,cjh-37-20,people
177,0,0,https://pic2.zhimg.com/v2-8276914c9848120c2642b692ff2d204e_is.jpg,https://pic2.zhimg.com/v2-8276914c9848120c2642b692ff2d204e_{size}.jpg,[],0,0,,f04c6a9f573c1aab1b1cc999bd2029cd,False,False,False,False,汐颜,people,http://www.zhihu.com/api/v4/people/f04c6a9f573c1aab1b1cc999bd2029cd,xi-yan-48-15-49,people
178,2,0,https://pic4.zhimg.com/v2-e830ca365e6a962f75c060c3a88a42ad_is.jpg,https://pic4.zhimg.com/v2-e830ca365e6a962f75c060c3a88a42ad_{size}.jpg,[],0,-1,三十年众生牛马，六十年诸佛龙象。,601b99eddc0278c7869e8902a481957f,False,False,False,False,青梅子酒,people,http://www.zhihu.com/api/v4/people/601b99eddc0278c7869e8902a481957f,qing-mei-zi-jiu-7,people
179,1,0,https://pic2.zhimg.com/26b6b1b92554aff04b916a13d2f1db70_is.jpg,https://pic2.zhimg.com/26b6b1b92554aff04b916a13d2f1db70_{size}.jpg,[],0,-1,话不多，嘴蛮贱,a30a19e0905683305728d2e0ecac8aab,False,False,False,False,欧小银,people,http://www.zhihu.com/api/v4/people/a30a19e0905683305728d2e0ecac8aab,ou-xiao-yin-59,people
180,0,0,https://pic4.zhimg.com/da8e974dc_is.jpg,https://pic4.zhimg.com/da8e974dc_{size}.jpg,[],0,-1,,721b4380c5f49c78a04b745cecc41b8c,False,False,False,False,永远开心,people,http://www.zhihu.com/api/v4/people/721b4380c5f49c78a04b745cecc41b8c,yong-yuan-kai-xin-96-36,people
181,0,0,https://pic4.zhimg.com/da8e974dc_is.jpg,https://pic4.zhimg.com/da8e974dc_{size}.jpg,[],0,-1,,ecc73bf701570544ab186a2fa89ef262,False,False,False,False,鬼谷子,people,http://www.zhihu.com/api/v4/people/ecc73bf701570544ab186a2fa89ef262,gui-gu-zi-78-10,people
182,0,0,https://pic4.zhimg.com/da8e974dc_is.jpg,https://pic4.zhimg.com/da8e974dc_{size}.jpg,[],0,-1,,5a097713224f18f160937d11c7418030,False,False,False,False,转弯,people,http://www.zhihu.com/api/v4/people/5a097713224f18f160937d11c7418030,zhuan-wan-63-31,people
183,0,0,https://pic1.zhimg.com/255d4a11bccea399fa263e96e07d5d27_is.jpg,https://pic1.zhimg.com/255d4a11bccea399fa263e96e07d5d27_{size}.jpg,[],0,-1,,8c42f9a7cea4e9c5aaf3550bc9215930,False,False,False,False,长尾巴的青蛙,people,http://www.zhihu.com/api/v4/people/8c42f9a7cea4e9c5aaf3550bc9215930,chang-wei-ba-de-qing-wa-29,people
184,0,0,https://pic4.zhimg.com/v2-417fdf47908b0409323c6c56299dbb84_is.jpg,https://pic4.zhimg.com/v2-417fdf47908b0409323c6c56299dbb84_{size}.jpg,[],0,-1,,1ccf2dc1a009a984a8d5edfc6d9cdef8,False,False,False,False,KaixinZkx,people,http://www.zhihu.com/api/v4/people/1ccf2dc1a009a984a8d5edfc6d9cdef8,kaixinzkx,people
185,0,0,https://pic4.zhimg.com/da8e974dc_is.jpg,https://pic4.zhimg.com/da8e974dc_{size}.jpg,[],0,-1,,d3dc88d94b19509bc3bd541a0e41e3b5,False,False,False,False,可能,people,http://www.zhihu.com/api/v4/people/d3dc88d94b19509bc3bd541a0e41e3b5,ke-neng-23-66,people
186,0,0,https://pic4.zhimg.com/da8e974dc_is.jpg,https://pic4.zhimg.com/da8e974dc_{size}.jpg,[],0,-1,,da3efbfd1642f0e4f1c98b78a32f4b6e,False,False,False,False,hewenxing,people,http://www.zhihu.com/api/v4/people/da3efbfd1642f0e4f1c98b78a32f4b6e,hewenxing,people
187,8,0,https://pic2.zhimg.com/v2-ee78e91b838763a9edde8dd03e26aac3_is.jpg,https://pic2.zhimg.com/v2-ee78e91b838763a9edde8dd03e26aac3_{size}.jpg,[],5,1,"樱花绽放之前
就要抱着凋零的决心",dbafa38655cb946b70dcbd347ea8386c,False,False,False,False,深蓝,people,http://www.zhihu.com/api/v4/people/dbafa38655cb946b70dcbd347ea8386c,factoreal,people
188,0,0,https://pic3.zhimg.com/3d833bb577694cad54c92ca7b2cabf86_is.jpg,https://pic3.zhimg.com/3d833bb577694cad54c92ca7b2cabf86_{size}.jpg,[],0,-1,,076c3cb186433df72347491452b249e8,False,False,False,False,想要嫁给吴彦祖,people,http://www.zhihu.com/api/v4/people/076c3cb186433df72347491452b249e8,xiang-yao-jia-gei-wu-yan-zu,people
189,0,0,https://pic1.zhimg.com/d9d058deb0f1f1f3770890a7d7b49c86_is.jpg,https://pic1.zhimg.com/d9d058deb0f1f1f3770890a7d7b49c86_{size}.jpg,[],0,-1,,77bfc5514116d5ea7c350ea8bd4af694,False,False,False,False,天上剑仙三百万,people,http://www.zhihu.com/api/v4/people/77bfc5514116d5ea7c350ea8bd4af694,gao-zhi-hu-88,people
190,3,0,https://pic3.zhimg.com/v2-ef9acd8138a369644510bfd8a1ad53be_is.jpg,https://pic3.zhimg.com/v2-ef9acd8138a369644510bfd8a1ad53be_{size}.jpg,[],0,-1,,2997172e657161ab4e527f5ddb36b705,False,False,False,False,逍遥,people,http://www.zhihu.com/api/v4/people/2997172e657161ab4e527f5ddb36b705,xiao-yao-6-79,people
191,0,0,https://pic1.zhimg.com/v2-6fe3e7d50a7891f8675500cf989dbbf2_is.jpg,https://pic1.zhimg.com/v2-6fe3e7d50a7891f8675500cf989dbbf2_{size}.jpg,[],0,-1,真实贴切有意义。,c29d6724e19023385dfb0f09bad6535c,False,False,False,False,高远,people,http://www.zhihu.com/api/v4/people/c29d6724e19023385dfb0f09bad6535c,gao-yuan-63-93,people
192,0,0,https://pic4.zhimg.com/da8e974dc_is.jpg,https://pic4.zhimg.com/da8e974dc_{size}.jpg,[],0,-1,,288b8e13b62659647606cf7d25fcf768,False,False,False,False,Etoile,people,http://www.zhihu.com/api/v4/people/288b8e13b62659647606cf7d25fcf768,etoile-83,people
193,0,0,https://pic4.zhimg.com/da8e974dc_is.jpg,https://pic4.zhimg.com/da8e974dc_{size}.jpg,[],0,-1,通信工程师,be5c591d51ba0a865942aae23736d57e,False,False,False,False,滑铁卢之鳄,people,http://www.zhihu.com/api/v4/people/be5c591d51ba0a865942aae23736d57e,hua-tie-lu-zhi-e,people
194,0,0,https://pic4.zhimg.com/da8e974dc_is.jpg,https://pic4.zhimg.com/da8e974dc_{size}.jpg,[],0,-1,,7534bf9845bc9b6f37d23b6f47af01a3,False,False,False,False,her,people,http://www.zhihu.com/api/v4/people/7534bf9845bc9b6f37d23b6f47af01a3,her-51-67,people
195,0,0,https://pic4.zhimg.com/da8e974dc_is.jpg,https://pic4.zhimg.com/da8e974dc_{size}.jpg,[],0,-1,,3d8f39252bb7cd858f78551fba0d3122,False,False,False,False,乐乐趣,people,http://www.zhihu.com/api/v4/people/3d8f39252bb7cd858f78551fba0d3122,le-le-qu-42,people
196,0,0,https://pic2.zhimg.com/2a1513b185996b990a6eac3c0377f09b_is.jpg,https://pic2.zhimg.com/2a1513b185996b990a6eac3c0377f09b_{size}.jpg,[],0,0,望见山水，记得住乡愁,72bcf76eebf2ec3fbb3b999b3eaee9f9,False,False,False,False,海盗寶呗,people,http://www.zhihu.com/api/v4/people/72bcf76eebf2ec3fbb3b999b3eaee9f9,ellen-xu-12-75,people
197,24,0,https://pic3.zhimg.com/33d1c46ffb6ffdd6443206868879e7a4_is.jpg,https://pic3.zhimg.com/33d1c46ffb6ffdd6443206868879e7a4_{size}.jpg,[],12,-1,,4e97d4fa4b418f13bf31ba3dcb9bfa49,False,False,False,False,海陵太守,people,http://www.zhihu.com/api/v4/people/4e97d4fa4b418f13bf31ba3dcb9bfa49,hai-ling-tai-shou,people
198,0,0,https://pic4.zhimg.com/v2-c0eea00939afd1f6ddccb0eb3a4aba4f_is.jpg,https://pic4.zhimg.com/v2-c0eea00939afd1f6ddccb0eb3a4aba4f_{size}.jpg,[],0,-1,创业者,1ae771e704a22ee78378a7dad17b021a,False,False,False,False,中二宋,people,http://www.zhihu.com/api/v4/people/1ae771e704a22ee78378a7dad17b021a,zhong-er-song,people
199,28,0,https://pic3.zhimg.com/v2-444a45d85e4ce1e5e2c7e35699a4bfd9_is.jpg,https://pic3.zhimg.com/v2-444a45d85e4ce1e5e2c7e35699a4bfd9_{size}.jpg,[],9,0,,45f7bad59cd066ab66ac060c12d2ea3c,False,False,False,False,壹笼少女,people,http://www.zhihu.com/api/v4/people/45f7bad59cd066ab66ac060c12d2ea3c,cui-yue-duo-ban,people
