,answer_count,articles_count,avatar_url,avatar_url_template,badge,follower_count,gender,headline,id,is_advertiser,is_followed,is_following,is_org,name,type,url,url_token,user_type
0,106,0,https://pic3.zhimg.com/v2-b77b3818c8bf322bcf3ebf57d660262f_is.jpg,https://pic3.zhimg.com/v2-b77b3818c8bf322bcf3ebf57d660262f_{size}.jpg,[],2796,0,实习配音演员，萌新coser，p图怪，大三，没什么干货，慎重关注,0e7e614e35f350f91d8c7494dc056adf,False,False,False,False,小西瓜,people,http://www.zhihu.com/api/v4/people/0e7e614e35f350f91d8c7494dc056adf,xiao-xi-gua-66-84,people
1,21,0,https://pic1.zhimg.com/v2-5ff70c2d41e3516bad9cf2a1dc61ceae_is.jpg,https://pic1.zhimg.com/v2-5ff70c2d41e3516bad9cf2a1dc61ceae_{size}.jpg,[],5134,0,想要一条听话且粘人的狗（收费Sade无性）,237fd5c9d1bffc7274ba43a8adf7c5b4,False,False,False,False,我和我的各自天涯,people,http://www.zhihu.com/api/v4/people/237fd5c9d1bffc7274ba43a8adf7c5b4,crush-39-3,people
2,9,0,https://pic4.zhimg.com/v2-4a113f364ff866db1eb0bdad37adc87b_is.jpg,https://pic4.zhimg.com/v2-4a113f364ff866db1eb0bdad37adc87b_{size}.jpg,[],206,0,,cb9412fd6ee3eb7d2b1be1a54f8dc65f,False,False,False,False,xqq,people,http://www.zhihu.com/api/v4/people/cb9412fd6ee3eb7d2b1be1a54f8dc65f,xqq-42-16,people
3,31,0,https://pic1.zhimg.com/v2-8d4afae790857f8e6bf6efb9ea2959af_is.jpg,https://pic1.zhimg.com/v2-8d4afae790857f8e6bf6efb9ea2959af_{size}.jpg,[],1609,0,喜欢玩游戏，撸猫；单身,0468f0d139804cf268c20a94b5906a53,False,False,False,False,深情留不住,people,http://www.zhihu.com/api/v4/people/0468f0d139804cf268c20a94b5906a53,shen-qing-liu-bu-zhu-57,people
4,7,0,https://pic3.zhimg.com/v2-c661d1d52c67bd5f55b458f9a72e5016_is.jpg,https://pic3.zhimg.com/v2-c661d1d52c67bd5f55b458f9a72e5016_{size}.jpg,[],784,0,被赞怕了的知乎萌新,be943ffc82b97466ae782df7be9ad315,False,False,False,False,夏井洋子,people,http://www.zhihu.com/api/v4/people/be943ffc82b97466ae782df7be9ad315,xia-jing-xiao-jie-41,people
5,3,19,https://pic3.zhimg.com/v2-68e51259238be39eca185a752e1d1fe6_is.jpg,https://pic3.zhimg.com/v2-68e51259238be39eca185a752e1d1fe6_{size}.jpg,"[{'type': 'identity', 'description': '知乎 官方帐号'}]",18750,-1,能文能武，懂一点产品，懂一点技术，非常了解知乎产品功能。,6cf6ae9b2df81a98bbb44c2515b66c06,False,False,False,False,知一声,people,http://www.zhihu.com/api/v4/people/6cf6ae9b2df81a98bbb44c2515b66c06,verycool,people
6,138,10,https://pic1.zhimg.com/v2-94343a07cccbc101fe2ff36119c7ae61_is.jpg,https://pic1.zhimg.com/v2-94343a07cccbc101fe2ff36119c7ae61_{size}.jpg,[],1287,1,"你贪的是利息,别人要你本金！关注公众号“金融泄密局”了解更多！",61318b976a641f8a71987bfd58087b75,False,False,False,False,金融泄密局,people,http://www.zhihu.com/api/v4/people/61318b976a641f8a71987bfd58087b75,jrxmj,people
7,1,0,https://pic3.zhimg.com/v2-52973b7bfa56e11d26391b501742b15d_is.jpg,https://pic3.zhimg.com/v2-52973b7bfa56e11d26391b501742b15d_{size}.jpg,[],122,0,,ee3fe86a71708356eb3634d11ec4bd3d,False,False,False,False,艳物,people,http://www.zhihu.com/api/v4/people/ee3fe86a71708356eb3634d11ec4bd3d,yan-wu-96-71-77,people
8,1,0,https://pic3.zhimg.com/v2-357faeefe2feb8c9a05648b790c700e1_is.jpg,https://pic3.zhimg.com/v2-357faeefe2feb8c9a05648b790c700e1_{size}.jpg,[],516,0,,ce5a3ac3e81e5f663645ddae7a909110,False,False,False,False,施冰儿,people,http://www.zhihu.com/api/v4/people/ce5a3ac3e81e5f663645ddae7a909110,shi-bing-er-21,people
9,2,0,https://pic2.zhimg.com/v2-bc6ba027848aed1b77c1ee097dc3d243_is.jpg,https://pic2.zhimg.com/v2-bc6ba027848aed1b77c1ee097dc3d243_{size}.jpg,[],465,0,医院里的一条咸鱼,3da7c56976dcc3ddede108090b0565dd,False,False,False,False,Skye元,people,http://www.zhihu.com/api/v4/people/3da7c56976dcc3ddede108090b0565dd,skye-66-16,people
10,0,0,https://pic4.zhimg.com/v2-1dd110969221e00739f85bfd9c1fc5f6_is.jpg,https://pic4.zhimg.com/v2-1dd110969221e00739f85bfd9c1fc5f6_{size}.jpg,[],49,0,护士,2624a0647d061c6dc2684cf3944a9cd7,False,False,False,False,陈闻溪,people,http://www.zhihu.com/api/v4/people/2624a0647d061c6dc2684cf3944a9cd7,lan-ze-30-80,people
11,16,0,https://pic3.zhimg.com/v2-10f9ad7445353464ed58d0b147030969_is.jpg,https://pic3.zhimg.com/v2-10f9ad7445353464ed58d0b147030969_{size}.jpg,[],23,0,,b56b4ce96f67ec3c581dd579521d3e10,False,False,False,False,金安慕,people,http://www.zhihu.com/api/v4/people/b56b4ce96f67ec3c581dd579521d3e10,jin-an-mu,people
12,13,0,https://pic3.zhimg.com/v2-6c3de100072da1f61d6a3cd917db2d6a_is.jpg,https://pic3.zhimg.com/v2-6c3de100072da1f61d6a3cd917db2d6a_{size}.jpg,[],611,0,你是街上的游魂，我是闻到你的人。,86f5ae96a9fdefd07604175a080ce489,False,False,False,False,我爱香港文学,people,http://www.zhihu.com/api/v4/people/86f5ae96a9fdefd07604175a080ce489,wu-nana,people
13,2,0,https://pic4.zhimg.com/v2-8988f740d61fbe520d4d1e5ed4e95bba_is.jpg,https://pic4.zhimg.com/v2-8988f740d61fbe520d4d1e5ed4e95bba_{size}.jpg,[],1518,0,平面模特/淘宝店主/业余写手/coser/歌姬,e196fcab5684f12eb681b0aa904450db,False,False,False,False,猫非路过,people,http://www.zhihu.com/api/v4/people/e196fcab5684f12eb681b0aa904450db,chen-qian-hong-69,people
14,29,0,https://pic4.zhimg.com/v2-35f439466b884beb00075957d85c957a_is.jpg,https://pic4.zhimg.com/v2-35f439466b884beb00075957d85c957a_{size}.jpg,[],137,0,,6db110c60839f97806531361ab1cd425,False,False,False,False,Serenity Lau,people,http://www.zhihu.com/api/v4/people/6db110c60839f97806531361ab1cd425,serenity-lau-97,people
15,10,0,https://pic1.zhimg.com/v2-0650b960757d8577265ea1f3eae459a2_is.jpg,https://pic1.zhimg.com/v2-0650b960757d8577265ea1f3eae459a2_{size}.jpg,[],1806,0,懒癌晚期,604f5380491bff03722b3c545edce220,False,False,False,False,奶糖,people,http://www.zhihu.com/api/v4/people/604f5380491bff03722b3c545edce220,nai-tang-43-84,people
16,5,0,https://pic2.zhimg.com/v2-4d51c8329967a9f665b1f35c4f676f10_is.jpg,https://pic2.zhimg.com/v2-4d51c8329967a9f665b1f35c4f676f10_{size}.jpg,[],980,-1,,720e0a13ca03f29f72e25222ba752bbe,False,False,False,False,麦冬令,people,http://www.zhihu.com/api/v4/people/720e0a13ca03f29f72e25222ba752bbe,mai-dong-ling,people
17,5,0,https://pic3.zhimg.com/v2-4ee0eaff8ca7ee4fc7ea4b74679596cc_is.jpg,https://pic3.zhimg.com/v2-4ee0eaff8ca7ee4fc7ea4b74679596cc_{size}.jpg,[],794,0,,d346e720afab3c7e2dc3938a5ff65d38,False,False,False,False,小土豆,people,http://www.zhihu.com/api/v4/people/d346e720afab3c7e2dc3938a5ff65d38,13456822884,people
18,46,0,https://pic2.zhimg.com/v2-19d17dea5ed81072a70d22a3ae1e95fb_is.jpg,https://pic2.zhimg.com/v2-19d17dea5ed81072a70d22a3ae1e95fb_{size}.jpg,[],530,0,伪文青游戏狗,e0b86886e75749753ee031acca00b307,False,False,False,False,在下薛成美,people,http://www.zhihu.com/api/v4/people/e0b86886e75749753ee031acca00b307,wei-wen-qing-qwq,people
19,56,0,https://pic2.zhimg.com/v2-4cd330bcd18d302dc1e621dd3af1297a_is.jpg,https://pic2.zhimg.com/v2-4cd330bcd18d302dc1e621dd3af1297a_{size}.jpg,[],4467,0,想搞艺术的理工生。,de52b4a51dfc10ad209d87bae331cc60,False,False,False,False,林伶,people,http://www.zhihu.com/api/v4/people/de52b4a51dfc10ad209d87bae331cc60,gaoyukin,people
20,6,0,https://pic2.zhimg.com/v2-c5b7f04bc8bc6f951fec0ecf3c8ab1cd_is.jpg,https://pic2.zhimg.com/v2-c5b7f04bc8bc6f951fec0ecf3c8ab1cd_{size}.jpg,[],1068,-1,,06baf1d65fd892f8154aed5ce1d00a06,False,False,False,False,奶油小喵喵,people,http://www.zhihu.com/api/v4/people/06baf1d65fd892f8154aed5ce1d00a06,nai-you-xiao-miao-miao,people
21,11,0,https://pic4.zhimg.com/v2-46f9df82da324a631c60846265bf54dc_is.jpg,https://pic4.zhimg.com/v2-46f9df82da324a631c60846265bf54dc_{size}.jpg,[],1282,0,学生,0567bc4eef72910c437b5180c823cc1e,False,False,False,False,川川,people,http://www.zhihu.com/api/v4/people/0567bc4eef72910c437b5180c823cc1e,jing-chuan-37-91,people
22,1,0,https://pic4.zhimg.com/v2-0650e0b6e803e268ca8a5c1055bf844f_is.jpg,https://pic4.zhimg.com/v2-0650e0b6e803e268ca8a5c1055bf844f_{size}.jpg,[],1851,0,学生,aa0ef3c00cfb2099eba0fc634cab5ff4,False,False,False,False,你的蜜饯,people,http://www.zhihu.com/api/v4/people/aa0ef3c00cfb2099eba0fc634cab5ff4,gong-ge-ge-89,people
23,0,0,https://pic2.zhimg.com/v2-5f9253e04548543c4a69a74a29ab139c_is.jpg,https://pic2.zhimg.com/v2-5f9253e04548543c4a69a74a29ab139c_{size}.jpg,[],954,0,美味女子,d73c9a7f4a8883313f9ec76bba04e610,False,False,False,False,阿木木,people,http://www.zhihu.com/api/v4/people/d73c9a7f4a8883313f9ec76bba04e610,yang-guang-sheng-2,people
24,96,1,https://pic4.zhimg.com/v2-f082e4f5985f7a5c66f4ec2bb8215455_is.jpg,https://pic4.zhimg.com/v2-f082e4f5985f7a5c66f4ec2bb8215455_{size}.jpg,[],7139,0,时髦与美研究员，也是卖衣服的话唠,30f0aeb04fbf7ecf560a6ca96a1e441d,False,False,False,False,陈哈娜,people,http://www.zhihu.com/api/v4/people/30f0aeb04fbf7ecf560a6ca96a1e441d,ha-na-a,people
25,8,0,https://pic2.zhimg.com/v2-4981b7f6e51446fabe9241110ebd7a18_is.jpg,https://pic2.zhimg.com/v2-4981b7f6e51446fabe9241110ebd7a18_{size}.jpg,[],159,0,,4feea3997bfff629f84bbf9b5076cfa3,False,False,False,False,若奚,people,http://www.zhihu.com/api/v4/people/4feea3997bfff629f84bbf9b5076cfa3,ruo-xi-62-15,people
26,138,0,https://pic4.zhimg.com/v2-30414118d12aa55336a65fcf3b84b2e9_is.jpg,https://pic4.zhimg.com/v2-30414118d12aa55336a65fcf3b84b2e9_{size}.jpg,[],157,0,已卸载。,6c02e59e8f50ea535fea6a9452c4b1ba,False,False,False,False,派大昕,people,http://www.zhihu.com/api/v4/people/6c02e59e8f50ea535fea6a9452c4b1ba,pai-da-xin-70-81,people
27,7,0,https://pic4.zhimg.com/v2-167725b08b58e6692287f2dec9d77ddd_is.jpg,https://pic4.zhimg.com/v2-167725b08b58e6692287f2dec9d77ddd_{size}.jpg,[],308,0,风虽大，都绕过我的灵魂,8480f3da4781473676e66cee2b75bf56,False,False,False,False,柳依依,people,http://www.zhihu.com/api/v4/people/8480f3da4781473676e66cee2b75bf56,liu-wen-yuan-95,people
28,0,0,https://pic3.zhimg.com/v2-591d74f1884e62690ce977545cfd561d_is.jpg,https://pic3.zhimg.com/v2-591d74f1884e62690ce977545cfd561d_{size}.jpg,[],692,0,羚檬小主播一枚~,8c478dd4b9611f6453de9a4e1e31638d,False,False,False,False,彤彤,people,http://www.zhihu.com/api/v4/people/8c478dd4b9611f6453de9a4e1e31638d,tong-tong-17-48,people
29,16,0,https://pic2.zhimg.com/v2-2e10951c4dd15832a1df9780c075421d_is.jpg,https://pic2.zhimg.com/v2-2e10951c4dd15832a1df9780c075421d_{size}.jpg,[],8911,0,穷且懒。,82fee192c493544f545b05af8b51fb22,False,False,False,False,少女妍,people,http://www.zhihu.com/api/v4/people/82fee192c493544f545b05af8b51fb22,du-jiao-xiao-shou-41,people
30,69,723,https://pic1.zhimg.com/v2-e735dbd7f2cb14d1dc91614ad3fba367_is.jpg,https://pic1.zhimg.com/v2-e735dbd7f2cb14d1dc91614ad3fba367_{size}.jpg,[],49266,1,搬运工,fd2c36fe6bfd4ed032b3ee29314d5cd6,False,False,False,False,园长,people,http://www.zhihu.com/api/v4/people/fd2c36fe6bfd4ed032b3ee29314d5cd6,McDoge,people
31,3,3,https://pic2.zhimg.com/v2-bad3ac1a9497e47b948e8ede81865eda_is.jpg,https://pic2.zhimg.com/v2-bad3ac1a9497e47b948e8ede81865eda_{size}.jpg,[],254,-1,经济学民工,697897713af637f9d1a7aa5961c6b5c5,False,False,False,False,纷繁过往纪,people,http://www.zhihu.com/api/v4/people/697897713af637f9d1a7aa5961c6b5c5,fen-fan-guo-wang-ji,people
32,4,0,https://pic4.zhimg.com/v2-93de331d596f495e9fa634a6a439b4d5_is.jpg,https://pic4.zhimg.com/v2-93de331d596f495e9fa634a6a439b4d5_{size}.jpg,[],720,0,公众号：瑞芝谈钟表,52880eedd887285024e40ccfe4997a40,False,False,False,False,hogo,people,http://www.zhihu.com/api/v4/people/52880eedd887285024e40ccfe4997a40,hogo-19,people
33,4,0,https://pic3.zhimg.com/v2-dcc9508d42c98bff2915f4511a36f11a_is.jpg,https://pic3.zhimg.com/v2-dcc9508d42c98bff2915f4511a36f11a_{size}.jpg,[],1358,0,音乐网剧《少年有点酷》（《薛定谔的猫》第二季）饰演林嘉伽,36c530b979a49cc95cb4266748cd0928,False,False,False,False,一直在吃的周梓琦,people,http://www.zhihu.com/api/v4/people/36c530b979a49cc95cb4266748cd0928,mian-tao-93,people
34,341,0,https://pic2.zhimg.com/v2-1dc6c41b935a38f156d8ad0c01993f01_is.jpg,https://pic2.zhimg.com/v2-1dc6c41b935a38f156d8ad0c01993f01_{size}.jpg,[],12879,0,,683642a721745cf515fed0436608f117,False,False,False,False,暴走萝莉金克丝,people,http://www.zhihu.com/api/v4/people/683642a721745cf515fed0436608f117,jin-jing-65-66,people
35,126,4,https://pic2.zhimg.com/d4e72c27d18272e4c00cd62ad7b9d55d_is.jpg,https://pic2.zhimg.com/d4e72c27d18272e4c00cd62ad7b9d55d_{size}.jpg,"[{'topics': [{'introduction': '电子竞技（Electronic Sports）就是电子游戏比赛达到“竞技”层面的体育项目。电子竞技运动就是利用电子设备作为运动器械进行的、人与人之间的智力对抗运动。通过运动，可以锻炼和提高参与者的思维能力、反应能力、心眼四肢协调能力和意志力，培养团队精神。电子竞技也是一种职业，和棋艺等非电子游戏比赛类似，2003年11月18日,国家体育总局正式批准,将电子竞技列为第99个正式体育竞赛项。2008年,国家体育总局将电子竞技改批为第78个正式体育竞赛项。当地时间2017年10月28日，在瑞士洛桑举行的国际奥委会第六届峰会上，代表们对当前电子竞技产业的快速发展进行了讨论，最终同意将其视为一项“运动”。2018年2月6日，中国首个高校电竞体系化联盟“富联盟”成立。2022年杭州第19届亚运会将把电子竞技纳为正式比赛项目。', 'avatar_url': 'https://pic4.zhimg.com/8f57b9d21e34c1a2c04877f3d576f7a4_is.jpg', 'name': '电子竞技', 'url': 'http://www.zhihu.com/api/v4/topics/19563451', 'type': 'topic', 'excerpt': '电子竞技（Electronic Sports）就是电子游戏比赛达到“竞技”层面的体育项目。电子竞技运动就是利用电子设备作为运动器械进行的、人与人之间的智力对抗运动。通过运动，可以锻炼和提高参与者的思维能力、反应能力、心眼四肢协调能力和意志力，培养团队精神。电子竞技也是一种职业，和棋艺等非电子游戏比赛类似，2003年11月18日,国家体育总局正式批准,将电子竞技列为第99个正式体育竞赛项。2008年,国家体育总局将电子竞技改批为第…', 'id': '19563451'}], 'type': 'best_answerer', 'description': '优秀回答者'}]",11401,1,"创业中. <a href=""https://link.zhihu.com/?target=http%3A//www.ceelo.cn"" class="" external"" target=""_blank"" rel=""nofollow noreferrer""><span class=""invisible"">http://www.</span><span class=""visible"">ceelo.cn</span><span class=""invisible""></span></a>",3ecd5f5066ffcf16487afce95c5deac1,False,False,False,False,成都梁朝伟,people,http://www.zhihu.com/api/v4/people/3ecd5f5066ffcf16487afce95c5deac1,langelic,people
36,42,754,https://pic1.zhimg.com/v2-7215d0e6018a0ed37f0aa2edfb071310_is.jpg,https://pic1.zhimg.com/v2-7215d0e6018a0ed37f0aa2edfb071310_{size}.jpg,[],181782,0,发掘你不知道的科技故事（公众号：SME）,8863c68227f29668a2b7617c49d4beeb,False,False,False,False,SME情报员,people,http://www.zhihu.com/api/v4/people/8863c68227f29668a2b7617c49d4beeb,sme-98,people
37,6,0,https://pic2.zhimg.com/v2-e38483b9bef4a94ea848373baf1c7a48_is.jpg,https://pic2.zhimg.com/v2-e38483b9bef4a94ea848373baf1c7a48_{size}.jpg,[],1328,0,设计师,33bb48a32d243d5e5cae28746a8ead17,False,False,False,False,D-GG,people,http://www.zhihu.com/api/v4/people/33bb48a32d243d5e5cae28746a8ead17,D_GG,people
38,1,0,https://pic3.zhimg.com/v2-14a9014a0b4de2939b8d1c282283c0bc_is.jpg,https://pic3.zhimg.com/v2-14a9014a0b4de2939b8d1c282283c0bc_{size}.jpg,[],2492,0,中文在读,ef3ff31c2f11abd08cfdbeffe9ee4868,False,False,False,False,Hazel,people,http://www.zhihu.com/api/v4/people/ef3ff31c2f11abd08cfdbeffe9ee4868,hazel-61-70,people
39,2,0,https://pic4.zhimg.com/v2-964550b9f30fa71e44c25165edb1571d_is.jpg,https://pic4.zhimg.com/v2-964550b9f30fa71e44c25165edb1571d_{size}.jpg,[],6009,0,谁怼我我就怼谁 ,f9e6030f811d9b968cd53e673210f279,False,False,False,False,大头,people,http://www.zhihu.com/api/v4/people/f9e6030f811d9b968cd53e673210f279,da-tou-59-97-15,people
40,75,1,https://pic2.zhimg.com/v2-3dd2e20a0130cadef001c50f356155e5_is.jpg,https://pic2.zhimg.com/v2-3dd2e20a0130cadef001c50f356155e5_{size}.jpg,[],4267,0,订阅号：wbucuo/书控/料理/码字/直播/射箭/编程/略宅/闲散女子,8011887bea42c0ff2cafae96e31dc740,False,False,False,False,王不挫,people,http://www.zhihu.com/api/v4/people/8011887bea42c0ff2cafae96e31dc740,bu-cuo-w,people
41,8,0,https://pic3.zhimg.com/v2-86504542960402ed4b70ba694f86d0b6_is.jpg,https://pic3.zhimg.com/v2-86504542960402ed4b70ba694f86d0b6_{size}.jpg,[],3207,0,,3d771637f9f356c1065d49d7de8c96e6,False,False,False,False,芽芽衣,people,http://www.zhihu.com/api/v4/people/3d771637f9f356c1065d49d7de8c96e6,ya-ya-yi-17,people
42,292,4,https://pic2.zhimg.com/157aab6bc0f79ea4b8b76401cf9fb2da_is.jpg,https://pic2.zhimg.com/157aab6bc0f79ea4b8b76401cf9fb2da_{size}.jpg,[],6977,0,不知道写什么好。,010a093665f22013b8a2430859568612,False,False,False,False,木叶小队长,people,http://www.zhihu.com/api/v4/people/010a093665f22013b8a2430859568612,xie-xiao-yi-82,people
43,14,0,https://pic3.zhimg.com/v2-baaa337c82c6ed465a8a8049ca1aad6a_is.jpg,https://pic3.zhimg.com/v2-baaa337c82c6ed465a8a8049ca1aad6a_{size}.jpg,[],1792,0,"姑娘笑着说不配，千金散尽就能睡

睡过今晚落尘香，睡过明晚孽缘长",e78d892a6c112fa223b25aeb61f90b40,False,False,False,False,陈悦然,people,http://www.zhihu.com/api/v4/people/e78d892a6c112fa223b25aeb61f90b40,huo-la-xiao-mei-niang,people
44,104,6,https://pic4.zhimg.com/v2-00c2d0d8d93e469c0828edfd2031b60b_is.jpg,https://pic4.zhimg.com/v2-00c2d0d8d93e469c0828edfd2031b60b_{size}.jpg,"[{'type': 'identity', 'description': '已认证的官方帐号'}]",2326,-1,汇集全球优质短视频，在开眼，短视频也像看大片！,29ee34c0008edc1bcf497ba650c7df25,False,False,False,True,开眼视频,people,http://www.zhihu.com/api/v4/people/29ee34c0008edc1bcf497ba650c7df25,kai-yan-shi-pin,organization
45,22,0,https://pic4.zhimg.com/v2-6352ca1cb0a2aed0a945f1970fdd3a03_is.jpg,https://pic4.zhimg.com/v2-6352ca1cb0a2aed0a945f1970fdd3a03_{size}.jpg,[],5111,0,努力让脑子和颜对等,efef46dfbc885beb2a837352456f4de8,False,False,False,False,张伊安,people,http://www.zhihu.com/api/v4/people/efef46dfbc885beb2a837352456f4de8,zhang-yi-an-26,people
46,242,2,https://pic4.zhimg.com/v2-d0ac025cb1ca4054b6c5019600dce2c3_is.jpg,https://pic4.zhimg.com/v2-d0ac025cb1ca4054b6c5019600dce2c3_{size}.jpg,[],3337,1,文能提笔理钱财，武能键盘抖机灵。,a93272ed6dd5b01583fdc3fe92d26ca0,False,False,False,False,逝水无痕,people,http://www.zhihu.com/api/v4/people/a93272ed6dd5b01583fdc3fe92d26ca0,shi-shui-wu-hen-24,people
47,7,0,https://pic2.zhimg.com/v2-8c85a820135ae50a448a7b8572dffbab_is.jpg,https://pic2.zhimg.com/v2-8c85a820135ae50a448a7b8572dffbab_{size}.jpg,[],5469,0,微博 LIM_x    不加微信,c76c3a45478717637199e38515e33a3b,False,False,False,False,LIM-0524,people,http://www.zhihu.com/api/v4/people/c76c3a45478717637199e38515e33a3b,ri-chang-sa-jiao-de-feng-feng-xiao-tai-di,people
48,1,0,https://pic2.zhimg.com/v2-eebe444e1d18615598257342e2943d15_is.jpg,https://pic2.zhimg.com/v2-eebe444e1d18615598257342e2943d15_{size}.jpg,[],56,0,妆娘,1d3fcefbf87c4dfc320b2119e81afa78,False,False,False,False,狗剩妹妹,people,http://www.zhihu.com/api/v4/people/1d3fcefbf87c4dfc320b2119e81afa78,gou-sheng-mei-mei,people
49,63,0,https://pic3.zhimg.com/v2-4b4b364e1e7e00d95404a8b59c8092c8_is.jpg,https://pic3.zhimg.com/v2-4b4b364e1e7e00d95404a8b59c8092c8_{size}.jpg,[],472,0,95后女生最关心的事，个人公众号: 与琳,7e22fd10a55258f7b4e1b5f26e0b1c13,False,False,False,False,咻咻狸,people,http://www.zhihu.com/api/v4/people/7e22fd10a55258f7b4e1b5f26e0b1c13,lin-shi-yizhen-feng,people
50,5,0,https://pic2.zhimg.com/v2-f4fcad107b34da867fad0ab1449b1036_is.jpg,https://pic2.zhimg.com/v2-f4fcad107b34da867fad0ab1449b1036_{size}.jpg,[],811,0,无感,5c8e3425d501f7c619fb3dbd469c61aa,False,False,False,False,biu biu,people,http://www.zhihu.com/api/v4/people/5c8e3425d501f7c619fb3dbd469c61aa,biu-biu-41-39,people
51,15,0,https://pic3.zhimg.com/v2-655f4e82829100d594c3e1fa8be695bc_is.jpg,https://pic3.zhimg.com/v2-655f4e82829100d594c3e1fa8be695bc_{size}.jpg,[],668,0,兴趣使然的coser,bdff94d75fc9f9f70babec02f08afc31,False,False,False,False,汐纸是未来之花,people,http://www.zhihu.com/api/v4/people/bdff94d75fc9f9f70babec02f08afc31,umisonoda,people
52,18,0,https://pic3.zhimg.com/v2-39c7302bb1a6ab89ebbe2e8abcb634f7_is.jpg,https://pic3.zhimg.com/v2-39c7302bb1a6ab89ebbe2e8abcb634f7_{size}.jpg,[],3930,0,猫系女生\瘦身\穿搭\美妆,d796346f17c36ff0d772ae7f3328b704,False,False,False,False,遗失在雨天的猫,people,http://www.zhihu.com/api/v4/people/d796346f17c36ff0d772ae7f3328b704,luo-di-74,people
53,9,0,https://pic3.zhimg.com/v2-d319537857dae63d3321fe3f59b97601_is.jpg,https://pic3.zhimg.com/v2-d319537857dae63d3321fe3f59b97601_{size}.jpg,[],2968,0,我就爱你一本正经胡说八道的样子。,3116edddb3ef2b16d16d6ac0e4f164df,False,False,False,False,路安,people,http://www.zhihu.com/api/v4/people/3116edddb3ef2b16d16d6ac0e4f164df,insomniavv,people
54,28,1,https://pic1.zhimg.com/v2-30b96d8d95af31c97b85973034731f1d_is.jpg,https://pic1.zhimg.com/v2-30b96d8d95af31c97b85973034731f1d_{size}.jpg,[],8200,0,微博：肉包酱大魔王,d972cb77aa1d6e28440366fe7df78502,False,False,False,False,八哥哥是我,people,http://www.zhihu.com/api/v4/people/d972cb77aa1d6e28440366fe7df78502,li-zhi-bo-he-bing,people
55,14,0,https://pic2.zhimg.com/v2-73ce26c273e65f33ab34e42c5f04091c_is.jpg,https://pic2.zhimg.com/v2-73ce26c273e65f33ab34e42c5f04091c_{size}.jpg,[],1018,0,人生理想 睡了易中天,4671aed72606a0f44f4436dbe83830b0,False,False,False,False,怼乐,people,http://www.zhihu.com/api/v4/people/4671aed72606a0f44f4436dbe83830b0,jing-qiang-gou,people
56,1,0,https://pic2.zhimg.com/v2-40c5f9f1f6e997258a86ea1378b8099a_is.jpg,https://pic2.zhimg.com/v2-40c5f9f1f6e997258a86ea1378b8099a_{size}.jpg,[],310,0,,108260941e46e1fc968674e58d6f8db8,False,False,False,False,全幼儿园最可爱,people,http://www.zhihu.com/api/v4/people/108260941e46e1fc968674e58d6f8db8,xiao-qing-ting-97-42,people
57,0,0,https://pic3.zhimg.com/v2-591510862e8f9b2b8b061abeaf682f19_is.jpg,https://pic3.zhimg.com/v2-591510862e8f9b2b8b061abeaf682f19_{size}.jpg,[],403,0,一个小小钟表收藏家,f099d549620bbfdced82f9774b4eef55,False,False,False,False,陌上桑,people,http://www.zhihu.com/api/v4/people/f099d549620bbfdced82f9774b4eef55,mo-shang-sang-66-49-51,people
58,26,0,https://pic2.zhimg.com/v2-cea98f50f2453322f899f3ef65d6f5d9_is.jpg,https://pic2.zhimg.com/v2-cea98f50f2453322f899f3ef65d6f5d9_{size}.jpg,[],1961,0,只喜欢被小部分人喜欢的感觉,0c9bfb4c132efce75f8f6bb5d938ccc1,False,False,False,False,aoki奈,people,http://www.zhihu.com/api/v4/people/0c9bfb4c132efce75f8f6bb5d938ccc1,mioyang,people
59,4069,11,https://pic2.zhimg.com/310d85e8d_is.jpg,https://pic2.zhimg.com/310d85e8d_{size}.jpg,"[{'topics': [{'introduction': 'Linux是一套免费使用和自由传播的类Unix操作系统，是一个基于POSIX和UNIX的多用户、多任务、支持多线程和多CPU的操作系统。它能运行主要的UNIX工具软件、应用程序和网络协议。它支持32位和64位硬件。Linux继承了Unix以网络为核心的设计思想，是一个性能稳定的多用户网络操作系统。Linux操作系统诞生于1991 年10 月5 日（这是第一次正式向外公布时间）。Linux存在着许多不同的Linux版本，但它们都使用了Linux内核。Linux可安装在各种计算机硬件设备中，比如手机、平板电脑、路由器、视频游戏控制台、台式计算机、大型机和超级计算机。严格来讲，Linux这个词本身只表示Linux内核，但实际上人们已经习惯了用Linux来形容整个基于Linux内核，并且使用GNU 工程各种工具和数据库的操作系统。', 'avatar_url': 'https://pic1.zhimg.com/f55b0e855_is.jpg', 'name': 'Linux', 'url': 'http://www.zhihu.com/api/v4/topics/19554300', 'type': 'topic', 'excerpt': 'Linux是一套免费使用和自由传播的类Unix操作系统，是一个基于POSIX和UNIX的多用户、多任务、支持多线程和多CPU的操作系统。它能运行主要的UNIX工具软件、应用程序和网络协议。它支持32位和64位硬件。Linux继承了Unix以网络为核心的设计思想，是一个性能稳定的多用户网络操作系统。Linux操作系统诞生于1991 年10 月5 日（这是第一次正式向外公布时间）。Linux存在着许多不同的Linux版本，但它们都使用了Linux内核。Linux可安装在…', 'id': '19554300'}, {'introduction': '一种基于Linux内核的综合操作，即包括各类底层驱动的开发，也包括使用java语言编写，但运行在Dalvik VM（非 Java 虚拟机，Android 4.4以后版本可选择运行在ART上）中编译和执行的应用程序设计。', 'avatar_url': 'https://pic4.zhimg.com/8c9ca8319_is.jpg', 'name': 'Android 开发', 'url': 'http://www.zhihu.com/api/v4/topics/19555634', 'type': 'topic', 'excerpt': '一种基于Linux内核的综合操作，即包括各类底层驱动的开发，也包括使用java语言编写，但运行在Dalvik VM（非 Java 虚拟机，Android 4.4以后版本可选择运行在ART上）中编译和执行的应用程序设计。', 'id': '19555634'}], 'type': 'best_answerer', 'description': '优秀回答者'}]",236423,1,我说的大多是一本道,7240b2ae38836f4837c2d7355b2ee72d,False,False,False,False,pansz,people,http://www.zhihu.com/api/v4/people/7240b2ae38836f4837c2d7355b2ee72d,pansz,people
60,3,0,https://pic4.zhimg.com/v2-4c7df14b2a842f309af738fb01d32206_is.jpg,https://pic4.zhimg.com/v2-4c7df14b2a842f309af738fb01d32206_{size}.jpg,[],2473,0,你知道爱吗？爱就是你拿刀子捅死我。我怕血溅你衣没人洗。,f77c9921ca256360734a6f7f97e7550e,False,False,False,False,懿颜爱神爱世人,people,http://www.zhihu.com/api/v4/people/f77c9921ca256360734a6f7f97e7550e,xin-chen-yi-yan,people
61,8,0,https://pic3.zhimg.com/v2-b73eded3c7254ffa469200b53a104032_is.jpg,https://pic3.zhimg.com/v2-b73eded3c7254ffa469200b53a104032_{size}.jpg,[],423,0,I saw a man saw a saw with a saw.,226dc385d4cbb8bf6c34f6255e18f42e,False,False,False,False,Zlin,people,http://www.zhihu.com/api/v4/people/226dc385d4cbb8bf6c34f6255e18f42e,lin-bing-34-19,people
62,14,0,https://pic1.zhimg.com/538d7d2c3e1ab30ec7453310162d9860_is.jpg,https://pic1.zhimg.com/538d7d2c3e1ab30ec7453310162d9860_{size}.jpg,[],738,0,澳洲whver,b224797eec55d26cee036f8acd24dcd9,False,False,False,False,Icyy,people,http://www.zhihu.com/api/v4/people/b224797eec55d26cee036f8acd24dcd9,lu-yan-ping-85-35,people
63,19,27,https://pic3.zhimg.com/v2-4cb0cba26e2ba0417e37f365c3d9dced_is.jpg,https://pic3.zhimg.com/v2-4cb0cba26e2ba0417e37f365c3d9dced_{size}.jpg,[],2835,1,"《全局光照技术》图书购买：<a href=""https://link.zhihu.com/?target=http%3A//t.cn/RrxqY3f"" class="" external"" target=""_blank"" rel=""nofollow noreferrer""><span class=""invisible"">http://</span><span class=""visible"">t.cn/RrxqY3f</span><span class=""invisible""></span></a>",26a43f16dc2b1aeb1c689b2ae1118878,False,False,False,False,秦春林,people,http://www.zhihu.com/api/v4/people/26a43f16dc2b1aeb1c689b2ae1118878,thegibook,people
64,27,0,https://pic2.zhimg.com/v2-7f1d9b37a76b49b126bb22956676b436_is.jpg,https://pic2.zhimg.com/v2-7f1d9b37a76b49b126bb22956676b436_{size}.jpg,[],2243,-1,学生,b6d228e134953694d674e3fb61f726fc,False,False,False,False,杨大美,people,http://www.zhihu.com/api/v4/people/b6d228e134953694d674e3fb61f726fc,yang-da-mei-72-64,people
65,81,0,https://pic2.zhimg.com/v2-bc6a7179c0e9febfbceb4cd34587aed8_is.jpg,https://pic2.zhimg.com/v2-bc6a7179c0e9febfbceb4cd34587aed8_{size}.jpg,[],5464,0,,d27af8b3d1fd52ed8d97b1dbdc407ce6,False,False,False,False,素素,people,http://www.zhihu.com/api/v4/people/d27af8b3d1fd52ed8d97b1dbdc407ce6,su-su-56-22,people
66,17,0,https://pic3.zhimg.com/v2-e0ab7265fc6d755f2a371e92304a8159_is.jpg,https://pic3.zhimg.com/v2-e0ab7265fc6d755f2a371e92304a8159_{size}.jpg,[],3578,0,流窜作案的网络写手,904054f449823a16615c2afdfe0b1656,False,False,False,False,隔壁小张阿姨,people,http://www.zhihu.com/api/v4/people/904054f449823a16615c2afdfe0b1656,ge-bi-lao-zhang-7-94,people
67,4,0,https://pic4.zhimg.com/v2-18584706d1616c042d8cf272a3229781_is.jpg,https://pic4.zhimg.com/v2-18584706d1616c042d8cf272a3229781_{size}.jpg,[],244,0,,d7820b34de7a24468f2f621536ef6dc0,False,False,False,False,南条酱,people,http://www.zhihu.com/api/v4/people/d7820b34de7a24468f2f621536ef6dc0,nan-tiao-jiang-47,people
68,22,0,https://pic3.zhimg.com/v2-601b0a8d542435c30f72e0750320f658_is.jpg,https://pic3.zhimg.com/v2-601b0a8d542435c30f72e0750320f658_{size}.jpg,[],1547,0,双鸭山大学本科在读,34696498a92a2b33f7a02be646ff3606,False,False,False,False,糖渍栗子,people,http://www.zhihu.com/api/v4/people/34696498a92a2b33f7a02be646ff3606,ai-chi-cheng-zi-de-gu-li-ya-mei,people
69,22,0,https://pic2.zhimg.com/v2-d344b8f83dad3dc9b8f77d73f13c0543_is.jpg,https://pic2.zhimg.com/v2-d344b8f83dad3dc9b8f77d73f13c0543_{size}.jpg,[],498,0,可以说是非常友好啦嘻嘻 gakki 戳爷,161c825be22248a0bcb1f5132a5c551d,False,False,False,False,九G呀,people,http://www.zhihu.com/api/v4/people/161c825be22248a0bcb1f5132a5c551d,nan-shen-xin,people
70,97,6,https://pic2.zhimg.com/v2-4e367865a50ffec05a489af0049df7cd_is.jpg,https://pic2.zhimg.com/v2-4e367865a50ffec05a489af0049df7cd_{size}.jpg,[],864,0,仰望星空 繁星在望我 而我在忘我,74ad6730ba13c51e69ea847caca9c3b9,False,False,False,False,玲听芝士世界,people,http://www.zhihu.com/api/v4/people/74ad6730ba13c51e69ea847caca9c3b9,ting-yu-zhi-feng,people
71,273,0,https://pic4.zhimg.com/v2-b6ac08e45268b7d6ed0f3e24261aa713_is.jpg,https://pic4.zhimg.com/v2-b6ac08e45268b7d6ed0f3e24261aa713_{size}.jpg,[],322,0,凄凄惨惨嘻嘻,c1194cb1377e6347d837d4bd263d94ba,False,False,False,False,末末米娅,people,http://www.zhihu.com/api/v4/people/c1194cb1377e6347d837d4bd263d94ba,hei-ye-chong-bai-zhe,people
72,15,0,https://pic3.zhimg.com/c799ff227b9a1a0aacb708b440a5322d_is.jpg,https://pic3.zhimg.com/c799ff227b9a1a0aacb708b440a5322d_{size}.jpg,[],143,0,,aff5440d53a0ea8a754a9801edac0551,False,False,False,False,就是喜欢梁朝伟啊,people,http://www.zhihu.com/api/v4/people/aff5440d53a0ea8a754a9801edac0551,gu-gu-50-16,people
73,634,0,https://pic1.zhimg.com/ac52b1afe54ddf4e22cd52455b64504f_is.jpg,https://pic1.zhimg.com/ac52b1afe54ddf4e22cd52455b64504f_{size}.jpg,[],493,0,星战黑 星战黑 星战黑 星战黑,6536600884c28c241cf1c44c2c3b2373,False,False,False,False,怪阿姨V3,people,http://www.zhihu.com/api/v4/people/6536600884c28c241cf1c44c2c3b2373,guai-a-yi-v3,people
74,30,33,https://pic4.zhimg.com/v2-98b4fc5060024171bb83f56774c0192d_is.jpg,https://pic4.zhimg.com/v2-98b4fc5060024171bb83f56774c0192d_{size}.jpg,[],7159,0,兴趣：大波浪/换头像/喝完酒上炕,7351661490317ed9dfa140c486905d2c,False,False,False,False,株式不顺,people,http://www.zhihu.com/api/v4/people/7351661490317ed9dfa140c486905d2c,wang-xin-zi-54,people
75,0,0,https://pic3.zhimg.com/v2-dcaac3f80b59fcf649fe859b2a6e6f5e_is.jpg,https://pic3.zhimg.com/v2-dcaac3f80b59fcf649fe859b2a6e6f5e_{size}.jpg,[],7606,0,出象牙塔不久的萌新傻白甜,9d703b71cf6a94374ccf93b4670e93bd,False,False,False,False,找不到对象不改名,people,http://www.zhihu.com/api/v4/people/9d703b71cf6a94374ccf93b4670e93bd,zhang-nan-nan-3-10,people
76,2,0,https://pic4.zhimg.com/v2-7f58355263916bd28ed4bb35ef62eafb_is.jpg,https://pic4.zhimg.com/v2-7f58355263916bd28ed4bb35ef62eafb_{size}.jpg,[],247,0,,84e012ea3978177de2e5cc595a379735,False,False,False,False,心之所向,people,http://www.zhihu.com/api/v4/people/84e012ea3978177de2e5cc595a379735,xin-zhi-suo-xiang-64-45,people
77,91,2,https://pic3.zhimg.com/v2-9c66fbcc981f9f1b8558012070a897a9_is.jpg,https://pic3.zhimg.com/v2-9c66fbcc981f9f1b8558012070a897a9_{size}.jpg,[],806,0,我看诸君多傻逼，料诸君看我应如是,d20ed04e05f51232eec069665e882476,False,False,False,False,周环,people,http://www.zhihu.com/api/v4/people/d20ed04e05f51232eec069665e882476,zhou-huan-17-39,people
78,36,6,https://pic1.zhimg.com/v2-bf0d7ec848cc619b654d07d0f06f1eaa_is.jpg,https://pic1.zhimg.com/v2-bf0d7ec848cc619b654d07d0f06f1eaa_{size}.jpg,[],21904,0,爱研究社交网络的21岁魔都菇凉～坐标欧洲，传播学在读。,5fefa92eb9dde1515c634581ca21082b,False,False,False,False,Coffee Wu,people,http://www.zhihu.com/api/v4/people/5fefa92eb9dde1515c634581ca21082b,coffee-wu,people
79,95,0,https://pic3.zhimg.com/v2-19a6f77ef2260b085b93e9542ee92115_is.jpg,https://pic3.zhimg.com/v2-19a6f77ef2260b085b93e9542ee92115_{size}.jpg,[],2552,0,小老百姓,3e53081fd24097c19ff831ac41703144,False,False,False,False,高楼,people,http://www.zhihu.com/api/v4/people/3e53081fd24097c19ff831ac41703144,gao-lou-73,people
80,0,0,https://pic3.zhimg.com/v2-8ca934132be2ec08c6eee8010a102e8d_is.jpg,https://pic3.zhimg.com/v2-8ca934132be2ec08c6eee8010a102e8d_{size}.jpg,[],914,0,,a2c81a5f36019d5536ec4cbb53b1435a,False,False,False,False,小桥,people,http://www.zhihu.com/api/v4/people/a2c81a5f36019d5536ec4cbb53b1435a,xiao-qiao-34-23,people
81,51,0,https://pic4.zhimg.com/v2-f040b0a9b18261ff88a2b3f5889d72f1_is.jpg,https://pic4.zhimg.com/v2-f040b0a9b18261ff88a2b3f5889d72f1_{size}.jpg,[],460,0,亲近我一下呀！,fca1d889e4853b9392d4c8f658acb202,False,False,False,False,叉叉叉烧包,people,http://www.zhihu.com/api/v4/people/fca1d889e4853b9392d4c8f658acb202,cha-cha-cha-shao-bao,people
82,25,0,https://pic4.zhimg.com/250f72e2c1f99ce70de957036fee1f1f_is.jpg,https://pic4.zhimg.com/250f72e2c1f99ce70de957036fee1f1f_{size}.jpg,[],17089,0,有一个全世界最好的男盆友?,009e73555f10a181cda937f54eacdbe2,False,False,False,False,柔柔不早睡,people,http://www.zhihu.com/api/v4/people/009e73555f10a181cda937f54eacdbe2,jiao-rou-43,people
83,125,9,https://pic4.zhimg.com/v2-af5af2bc13de29edc3e0b83d9bf31609_is.jpg,https://pic4.zhimg.com/v2-af5af2bc13de29edc3e0b83d9bf31609_{size}.jpg,"[{'type': 'identity', 'description': '船舶与海洋工程博士在读'}]",16040,0,LOL只会女枪/大提琴学弱,ef6da61198b3841920a670bb1f186776,False,False,False,False,皮卡乓,people,http://www.zhihu.com/api/v4/people/ef6da61198b3841920a670bb1f186776,xiao-xiao-hui-11,people
84,3,0,https://pic1.zhimg.com/v2-52c73de843f8b3db65f6b2810e0226c9_is.jpg,https://pic1.zhimg.com/v2-52c73de843f8b3db65f6b2810e0226c9_{size}.jpg,[],6428,0,酒力微醒时已暮,457b30dbb2a76a37ef65d6162f211d5c,False,False,False,False,占有,people,http://www.zhihu.com/api/v4/people/457b30dbb2a76a37ef65d6162f211d5c,zhan-you-47,people
85,149,2,https://pic4.zhimg.com/v2-2d8f17f4a7a7b92ffbf803c6e0036bb8_is.jpg,https://pic4.zhimg.com/v2-2d8f17f4a7a7b92ffbf803c6e0036bb8_{size}.jpg,[],487,0,单机游戏，就是把好几本小说才能写完的故事，做成了一个世界，给玩家去探索体验。,4063ff950d71565e47e6506fc4d65fd2,False,False,False,False,Rydia,people,http://www.zhihu.com/api/v4/people/4063ff950d71565e47e6506fc4d65fd2,rydia,people
86,4,0,https://pic4.zhimg.com/da8e974dc_is.jpg,https://pic4.zhimg.com/da8e974dc_{size}.jpg,[],41,1,,46deff65e09faa9ba1614e235a32b642,False,False,False,False,ydntlk,people,http://www.zhihu.com/api/v4/people/46deff65e09faa9ba1614e235a32b642,ydntlk,people
87,0,0,https://pic1.zhimg.com/v2-f4805b90b7a0bbe3e6f58b6bd282f58c_is.jpg,https://pic1.zhimg.com/v2-f4805b90b7a0bbe3e6f58b6bd282f58c_{size}.jpg,[],1075,0,身骑白马走三关,8a4d0ed42589de388a07f2960dbede5e,False,False,False,False,温良,people,http://www.zhihu.com/api/v4/people/8a4d0ed42589de388a07f2960dbede5e,wen-liang-64-17,people
88,6,0,https://pic2.zhimg.com/v2-d49e1f92aed42943ee72866d8ea59e5c_is.jpg,https://pic2.zhimg.com/v2-d49e1f92aed42943ee72866d8ea59e5c_{size}.jpg,[],2889,0,bentley uni.,5f4624898f2ef97bc3fba87e8ba340b3,False,False,False,False,crystalyikk,people,http://www.zhihu.com/api/v4/people/5f4624898f2ef97bc3fba87e8ba340b3,crystalyikk,people
89,0,0,https://pic1.zhimg.com/v2-2282f6e5e00f05e0f85a42d9a4742cbd_is.jpg,https://pic1.zhimg.com/v2-2282f6e5e00f05e0f85a42d9a4742cbd_{size}.jpg,[],350,0,,8396071d20d4287de00bd9d456d1a7f4,False,False,False,False,风无痕,people,http://www.zhihu.com/api/v4/people/8396071d20d4287de00bd9d456d1a7f4,la-la-la-18-55-11,people
90,1,0,https://pic4.zhimg.com/v2-78588676aa49e46be0d03eb82e17a766_is.jpg,https://pic4.zhimg.com/v2-78588676aa49e46be0d03eb82e17a766_{size}.jpg,[],195,0,不如意事常八九，可与言者无二三,164ab43284f6078deb0f9e98c17e7664,False,False,False,False,耽溺,people,http://www.zhihu.com/api/v4/people/164ab43284f6078deb0f9e98c17e7664,yang-ao-55-24,people
91,9,0,https://pic4.zhimg.com/v2-6d88fa1df0e1f5bd10ffb0fa0d531cc3_is.jpg,https://pic4.zhimg.com/v2-6d88fa1df0e1f5bd10ffb0fa0d531cc3_{size}.jpg,[],1252,0,一个骄傲又任性的年轻女孩。手里空无一物，出门已是险恶江湖。,0a6f82dddc68e87fd7ff9a71da84d50d,False,False,False,False,Zoe是个软妹,people,http://www.zhihu.com/api/v4/people/0a6f82dddc68e87fd7ff9a71da84d50d,zoeshi-ge-ruan-mei,people
92,1,0,https://pic2.zhimg.com/v2-e27a78af938f3d0bc0c97635ad04950b_is.jpg,https://pic2.zhimg.com/v2-e27a78af938f3d0bc0c97635ad04950b_{size}.jpg,[],410,0,,c9a74e3a316dc2750628aa6855b306c4,False,False,False,False,罗CICI,people,http://www.zhihu.com/api/v4/people/c9a74e3a316dc2750628aa6855b306c4,luo-chu-chen-65,people
93,6,0,https://pic1.zhimg.com/v2-1bd18e0ca2be72389ffe916a7c0c2d89_is.jpg,https://pic1.zhimg.com/v2-1bd18e0ca2be72389ffe916a7c0c2d89_{size}.jpg,[],1620,0,美妆达人,4f59c6ff47e962db52fd7abc78a6c5c2,False,False,False,False,小丘兽,people,http://www.zhihu.com/api/v4/people/4f59c6ff47e962db52fd7abc78a6c5c2,xiao-qiu-bao-bao,people
94,6,0,https://pic3.zhimg.com/v2-f76c0446cf321d693520249849ef4414_is.jpg,https://pic3.zhimg.com/v2-f76c0446cf321d693520249849ef4414_{size}.jpg,[],637,0,尝过世间的冷酷而又不失温柔,6d2fc1c2c57dd6430e4af4b894989614,False,False,False,False,Be yourself,people,http://www.zhihu.com/api/v4/people/6d2fc1c2c57dd6430e4af4b894989614,666-21-97,people
95,7,0,https://pic1.zhimg.com/v2-298ecd15b5f045c171adc0a0918df72c_is.jpg,https://pic1.zhimg.com/v2-298ecd15b5f045c171adc0a0918df72c_{size}.jpg,[],1476,0,一个喜欢C-BLOCK的滚青,5010122a51605a5ea6b29a906c736afc,False,False,False,False,你说的都对,people,http://www.zhihu.com/api/v4/people/5010122a51605a5ea6b29a906c736afc,ran-meng-jiao-shi-wo,people
96,24,0,https://pic2.zhimg.com/v2-78556a818c05f1f90f647e9456a415c9_is.jpg,https://pic2.zhimg.com/v2-78556a818c05f1f90f647e9456a415c9_{size}.jpg,[],2028,0,,e6c7c8aeebbfacb1e287acca8e90e7ea,False,False,False,False,十三个原因,people,http://www.zhihu.com/api/v4/people/e6c7c8aeebbfacb1e287acca8e90e7ea,shi-san-ge-li-you-97,people
97,2,3,https://pic2.zhimg.com/v2-707a93907740020f89397ea0b097327f_is.jpg,https://pic2.zhimg.com/v2-707a93907740020f89397ea0b097327f_{size}.jpg,[],3421,0,学生,f7fd3c49a9aba3a8ee9fbde1ad405db9,False,False,False,False,鹿娜luna,people,http://www.zhihu.com/api/v4/people/f7fd3c49a9aba3a8ee9fbde1ad405db9,yu-xiao-yu-17-2,people
98,42,0,https://pic4.zhimg.com/v2-c6ff4bd12ea60b89da2c8a835a1fd980_is.jpg,https://pic4.zhimg.com/v2-c6ff4bd12ea60b89da2c8a835a1fd980_{size}.jpg,[],20581,0,公众号【呆呆爱发呆】（XXingDaiDai）,8100ad7f4b5d216139b0559bbbe08e8f,False,False,False,False,Catherine,people,http://www.zhihu.com/api/v4/people/8100ad7f4b5d216139b0559bbbe08e8f,mizzle-29,people
99,0,0,https://pic4.zhimg.com/da8e974dc_is.jpg,https://pic4.zhimg.com/da8e974dc_{size}.jpg,[],2558,0,来一份凉粉,fac1cd8adf4a155b753a03156ab27ee0,False,False,False,False,Anglala,people,http://www.zhihu.com/api/v4/people/fac1cd8adf4a155b753a03156ab27ee0,anglala-3,people
100,136,41,https://pic2.zhimg.com/v2-8b99d030bf9f72bb36153d7d77356dc1_is.jpg,https://pic2.zhimg.com/v2-8b99d030bf9f72bb36153d7d77356dc1_{size}.jpg,[],31302,0,席琳娜飓风，正在登陆……,111f3a3710e55e3c7964187bf27af23d,False,False,False,False,席琳娜,people,http://www.zhihu.com/api/v4/people/111f3a3710e55e3c7964187bf27af23d,xi-lin-nuo-21,people
101,3,0,https://pic3.zhimg.com/v2-07b75d5856f278ae65522a9b0701b5b0_is.jpg,https://pic3.zhimg.com/v2-07b75d5856f278ae65522a9b0701b5b0_{size}.jpg,[],980,0,girls-heart ?,d1600df11db38feefbfdd09d0a7b48d9,False,False,False,False,7sYuan,people,http://www.zhihu.com/api/v4/people/d1600df11db38feefbfdd09d0a7b48d9,jiang-xi-yuan-2,people
102,38,0,https://pic4.zhimg.com/v2-10cf976131a6a78d9a0944e0a90626f3_is.jpg,https://pic4.zhimg.com/v2-10cf976131a6a78d9a0944e0a90626f3_{size}.jpg,[],2062,0,不用冷淡，我没想过纠缠………,ada5616ade2ffe21d5cd213317e703b9,False,False,False,False,一块冰,people,http://www.zhihu.com/api/v4/people/ada5616ade2ffe21d5cd213317e703b9,yikuai-bing-10-60,people
103,3,0,https://pic3.zhimg.com/v2-3e22166f09ae4b0c80c5fced05042923_is.jpg,https://pic3.zhimg.com/v2-3e22166f09ae4b0c80c5fced05042923_{size}.jpg,[],403,0,我真的太喜欢了,2ce56534d805b6add69daed01a5f237a,False,False,False,False,Aileos,people,http://www.zhihu.com/api/v4/people/2ce56534d805b6add69daed01a5f237a,shen-sui-82-84,people
104,1,0,https://pic1.zhimg.com/v2-bda66f01ff15c3da36bdc02dee4f3b3e_is.jpg,https://pic1.zhimg.com/v2-bda66f01ff15c3da36bdc02dee4f3b3e_{size}.jpg,[],2396,0,"微博
 心如诶",a56e67668dbd90c98fb7f1563e11a708,False,False,False,False,心如诶,people,http://www.zhihu.com/api/v4/people/a56e67668dbd90c98fb7f1563e11a708,ye-xin-ru,people
105,6,0,https://pic4.zhimg.com/v2-f9a9f63e04818685f37c1cfb82baf19a_is.jpg,https://pic4.zhimg.com/v2-f9a9f63e04818685f37c1cfb82baf19a_{size}.jpg,[],158,0,,13b4117c972e8b53f86a997612d45627,False,False,False,False,Seraphinac,people,http://www.zhihu.com/api/v4/people/13b4117c972e8b53f86a997612d45627,summerjinyu-19,people
106,6,0,https://pic1.zhimg.com/v2-f43d8762684292cceefe2a17c8774692_is.jpg,https://pic1.zhimg.com/v2-f43d8762684292cceefe2a17c8774692_{size}.jpg,[],9494,0,,a20507fcf72baf1b25ad0564e19613ab,False,False,False,False,我走了,people,http://www.zhihu.com/api/v4/people/a20507fcf72baf1b25ad0564e19613ab,reseted1529976382336,people
107,9,0,https://pic2.zhimg.com/v2-5f47e542bcd417780ec5c2e6165b5718_is.jpg,https://pic2.zhimg.com/v2-5f47e542bcd417780ec5c2e6165b5718_{size}.jpg,[],1175,0,等待一个人来解救我或者等死,5d6015c00e91f4240f7ef4ac85e0410c,False,False,False,False,倘若我过得不好呢,people,http://www.zhihu.com/api/v4/people/5d6015c00e91f4240f7ef4ac85e0410c,chi-gou-liang-de-xing-zi-yu,people
108,81,0,https://pic3.zhimg.com/v2-6418701ea7e1f62c139ca1bfac18a782_is.jpg,https://pic3.zhimg.com/v2-6418701ea7e1f62c139ca1bfac18a782_{size}.jpg,[],1661,0,"小仙女!
你了解的，你不了解都是我。",bb84842fa7483b31869b00045acb85a1,False,False,False,False,yslyls,people,http://www.zhihu.com/api/v4/people/bb84842fa7483b31869b00045acb85a1,yslyls,people
109,14,0,https://pic4.zhimg.com/v2-d719a11e34e93c3bfcbc6be67960e241_is.jpg,https://pic4.zhimg.com/v2-d719a11e34e93c3bfcbc6be67960e241_{size}.jpg,[],1709,-1,爱臭美，爱时尚，爱手表,45cfdc5e32a39046185e87ed300067ef,False,False,False,False,poop,people,http://www.zhihu.com/api/v4/people/45cfdc5e32a39046185e87ed300067ef,poop-77,people
110,14,0,https://pic2.zhimg.com/v2-af010c303144ddb80a5c9f7fc29f9e2e_is.jpg,https://pic2.zhimg.com/v2-af010c303144ddb80a5c9f7fc29f9e2e_{size}.jpg,[],1069,0,,6b77851dd11d2a9b6a18de697db4cbf8,False,False,False,False,迷糊J,people,http://www.zhihu.com/api/v4/people/6b77851dd11d2a9b6a18de697db4cbf8,dan-zhu-c,people
111,0,0,https://pic1.zhimg.com/v2-4c7ec94ac52f4fe39bbdd922a9006f1b_is.jpg,https://pic1.zhimg.com/v2-4c7ec94ac52f4fe39bbdd922a9006f1b_{size}.jpg,[],830,0,踏雪寻梅。,2e4503c99b31a6b1166f8cfd638eb8c0,False,False,False,False,夏雪,people,http://www.zhihu.com/api/v4/people/2e4503c99b31a6b1166f8cfd638eb8c0,xia-xue-92-54,people
112,8,0,https://pic2.zhimg.com/v2-0db3490934be83e54621243b16f5bb19_is.jpg,https://pic2.zhimg.com/v2-0db3490934be83e54621243b16f5bb19_{size}.jpg,[],332,0,播音与主持（空乘方向）,db80d323e51b7173600e8a33754c556b,False,False,False,False,梦想成为王者少女,people,http://www.zhihu.com/api/v4/people/db80d323e51b7173600e8a33754c556b,meng-xiang-cheng-wei-wang-zhe-shao-nu,people
113,25,0,https://pic3.zhimg.com/v2-a86db8b9dfc36c5cb36f84c72390a650_is.jpg,https://pic3.zhimg.com/v2-a86db8b9dfc36c5cb36f84c72390a650_{size}.jpg,[],1373,0,画手/coser/唱见/摄影爱好者/迪士尼死忠/五迷,d32d66269e6247471fb54dea93d8e9c1,False,False,False,False,德芙不能吃,people,http://www.zhihu.com/api/v4/people/d32d66269e6247471fb54dea93d8e9c1,li-dou-dou-93-34,people
114,24,0,https://pic4.zhimg.com/v2-d62b8f1fe530611b298d75e6f2feebc6_is.jpg,https://pic4.zhimg.com/v2-d62b8f1fe530611b298d75e6f2feebc6_{size}.jpg,[],1115,0,渣渣美术生、大学班级恐怖分子、南方少女,aab630f2ec6717791eb22bd4da685624,False,False,False,False,林二四,people,http://www.zhihu.com/api/v4/people/aab630f2ec6717791eb22bd4da685624,li-nai-jiang-24,people
115,12,0,https://pic4.zhimg.com/v2-829cd7972e82a4a55bc4dced376a3de2_is.jpg,https://pic4.zhimg.com/v2-829cd7972e82a4a55bc4dced376a3de2_{size}.jpg,[],655,0,,2d8b9e528e333f8d2b2a95892e7d09da,False,False,False,False,Elena,people,http://www.zhihu.com/api/v4/people/2d8b9e528e333f8d2b2a95892e7d09da,elena-4-89,people
116,0,0,https://pic4.zhimg.com/v2-aa737405552125fdfdfeb0e0d7cdcb68_is.jpg,https://pic4.zhimg.com/v2-aa737405552125fdfdfeb0e0d7cdcb68_{size}.jpg,[],1082,-1,,550e53f121c267a84b64d8af887e62ed,False,False,False,False,秋雪,people,http://www.zhihu.com/api/v4/people/550e53f121c267a84b64d8af887e62ed,qiu-xue-27-86,people
117,5,0,https://pic4.zhimg.com/v2-66fa8e8fcc41b08c9e558f638c23ce4c_is.jpg,https://pic4.zhimg.com/v2-66fa8e8fcc41b08c9e558f638c23ce4c_{size}.jpg,[],182,0,自律即自由,2f7ff7e4e9df5c1eb1dd4a02163f1b9a,False,False,False,False,许文君,people,http://www.zhihu.com/api/v4/people/2f7ff7e4e9df5c1eb1dd4a02163f1b9a,xu-wen-jun-13-71,people
118,6,0,https://pic1.zhimg.com/v2-cbf6791e7678a6d262c37253457b47b9_is.jpg,https://pic1.zhimg.com/v2-cbf6791e7678a6d262c37253457b47b9_{size}.jpg,[],792,-1,,844afa3887e3bd3bce86edc3365ca45f,False,False,False,False,喵大人,people,http://www.zhihu.com/api/v4/people/844afa3887e3bd3bce86edc3365ca45f,miao-da-ren-79-47,people
119,2,0,https://pic2.zhimg.com/v2-f7739d5f2b61a7010fef6eebd82b8185_is.jpg,https://pic2.zhimg.com/v2-f7739d5f2b61a7010fef6eebd82b8185_{size}.jpg,[],848,-1,,dd6d0a39e45c1ffa1ca1be87b46f59f8,False,False,False,False,阿依莲娜,people,http://www.zhihu.com/api/v4/people/dd6d0a39e45c1ffa1ca1be87b46f59f8,a-yi-lian-nuo,people
120,97,0,https://pic3.zhimg.com/v2-c55cd7efcb894c7db786a3681c9718df_is.jpg,https://pic3.zhimg.com/v2-c55cd7efcb894c7db786a3681c9718df_{size}.jpg,[],226,0,无趣的灵魂那么多，关注我也不会多我一个。( ????? ),98f2cc3c133c3e3270272f1645d51581,False,False,False,False,论缠,people,http://www.zhihu.com/api/v4/people/98f2cc3c133c3e3270272f1645d51581,lun-chan,people
121,1096,110,https://pic4.zhimg.com/2cacc4d6d_is.jpg,https://pic4.zhimg.com/2cacc4d6d_{size}.jpg,"[{'type': 'identity', 'description': '触乐网 创始人'}, {'topics': [{'introduction': '游戏是一种基于物质需求满足之上的，在一种特定时间、空间范围内遵循某种特定规则的，追求精神需求满足的社会行为方式。游戏有智力游戏和活动性游戏之分，又翻译为Play，Pastime，Playgame，Sport，Spore，Squail，Games，Gamest，Hopscotch，Jeu，Toy。现在的游戏多指各种平台上的电子游戏。', 'avatar_url': 'https://pic4.zhimg.com/fb89e0ea3_is.jpg', 'name': '游戏', 'url': 'http://www.zhihu.com/api/v4/topics/19550994', 'type': 'topic', 'excerpt': '游戏是一种基于物质需求满足之上的，在一种特定时间、空间范围内遵循某种特定规则的，追求精神需求满足的社会行为方式。游戏有智力游戏和活动性游戏之分，又翻译为Play，Pastime，Playgame，Sport，Spore，Squail，Games，Gamest，Hopscotch，Jeu，Toy。现在的游戏多指各种平台上的电子游戏。', 'id': '19550994'}, {'introduction': '网络游戏，英文名称为Online Game，又称 “在线游戏”，简称“网游”。指以互联网为传输媒介，以游戏运营商服务器和用户计算机为处理终端，以游戏客户端软件为信息交互窗口的旨在实现娱乐、休闲、交流和取得虚拟成就的具有可持续性的个体性多人在线游戏。2016年12月5日晚，文化部发布《关于规范网络游戏运营加强事中事后监管工作的通知》，首次明确规定网络游戏虚拟货币、虚拟道具不能兑换法定货币。', 'avatar_url': 'https://pic1.zhimg.com/5112d3d9ea79752be421d8bc06ef84c0_is.jpg', 'name': '网络游戏', 'url': 'http://www.zhihu.com/api/v4/topics/19551296', 'type': 'topic', 'excerpt': '网络游戏，英文名称为Online Game，又称 “在线游戏”，简称“网游”。指以互联网为传输媒介，以游戏运营商服务器和用户计算机为处理终端，以游戏客户端软件为信息交互窗口的旨在实现娱乐、休闲、交流和取得虚拟成就的具有可持续性的个体性多人在线游戏。2016年12月5日晚，文化部发布《关于规范网络游戏运营加强事中事后监管工作的通知》，首次明确规定网络游戏虚拟货币、虚拟道具不能兑换法定货币。', 'id': '19551296'}], 'type': 'best_answerer', 'description': '优秀回答者'}]",379373,1,比上一个秋天好一些的秋天,5bd13deecbef6c798c45c7777297604f,False,False,False,False,cOMMANDO,people,http://www.zhihu.com/api/v4/people/5bd13deecbef6c798c45c7777297604f,commando,people
122,5,0,https://pic4.zhimg.com/v2-c21c99f3b021f92c20978979d7a720a6_is.jpg,https://pic4.zhimg.com/v2-c21c99f3b021f92c20978979d7a720a6_{size}.jpg,[],926,0,知乎小可爱,13ffc10fca20294be2bded225c1c8874,False,False,False,False,艾蓓,people,http://www.zhihu.com/api/v4/people/13ffc10fca20294be2bded225c1c8874,ai-bei-15-19,people
123,3,0,https://pic2.zhimg.com/v2-e7be12b2ba7f1c768264e672c1711111_is.jpg,https://pic2.zhimg.com/v2-e7be12b2ba7f1c768264e672c1711111_{size}.jpg,[],687,0,,c5abbddc8cc4ad13d18d34a884baa07e,False,False,False,False,阿蕾蕾,people,http://www.zhihu.com/api/v4/people/c5abbddc8cc4ad13d18d34a884baa07e,nnnnnna-48,people
124,6,0,https://pic4.zhimg.com/v2-bbbc354b9d6fac47e7b2195217a0f529_is.jpg,https://pic4.zhimg.com/v2-bbbc354b9d6fac47e7b2195217a0f529_{size}.jpg,[],2402,0,Enjoy ur life,420117d9db8effcc2fde33e65cf476fd,False,False,False,False,HAVANA,people,http://www.zhihu.com/api/v4/people/420117d9db8effcc2fde33e65cf476fd,wang-jing-wen-58-41,people
125,36,0,https://pic2.zhimg.com/v2-9e89c1d6f42b8d93f0af14644e5bc72b_is.jpg,https://pic2.zhimg.com/v2-9e89c1d6f42b8d93f0af14644e5bc72b_{size}.jpg,[],13963,0,大胸有脑/英语相关/抑郁患者/吸猫少女/大学狗/吃货/音乐爱好,1085157db4117232688d9ab54c157160,False,False,False,False,Leo爱萝莉,people,http://www.zhihu.com/api/v4/people/1085157db4117232688d9ab54c157160,mickey-82-85,people
126,0,0,https://pic4.zhimg.com/da8e974dc_is.jpg,https://pic4.zhimg.com/da8e974dc_{size}.jpg,[],208,0,,6647b44d4d54c6d80b1fc15f8b59fdad,False,False,False,False,[已重置],people,http://www.zhihu.com/api/v4/people/6647b44d4d54c6d80b1fc15f8b59fdad,qiao-fei-94-15,people
127,4,0,https://pic1.zhimg.com/v2-a094d9a70d2b933ce50c2f1c919d2249_is.jpg,https://pic1.zhimg.com/v2-a094d9a70d2b933ce50c2f1c919d2249_{size}.jpg,[],1928,0,学生,7513cb3847d05543a99be7aa62462ae4,False,False,False,False,番茄,people,http://www.zhihu.com/api/v4/people/7513cb3847d05543a99be7aa62462ae4,fan-qie-fan-jue,people
128,9,3,https://pic4.zhimg.com/da8e974dc_is.jpg,https://pic4.zhimg.com/da8e974dc_{size}.jpg,[],1063,0,vx公众号：圆圆我,c364d7e27ea663ce7b4bc50b0aed23b2,False,False,False,False,防搜id,people,http://www.zhihu.com/api/v4/people/c364d7e27ea663ce7b4bc50b0aed23b2,er-liang-xin-hui,people
129,3,0,https://pic2.zhimg.com/v2-b78fccac4e8f9d3e8b1d3c62073d7ab2_is.jpg,https://pic2.zhimg.com/v2-b78fccac4e8f9d3e8b1d3c62073d7ab2_{size}.jpg,[],1094,0,汽车制造,f44ae93545ecd95ce2b860f41a47529c,False,False,False,False,大鱼吃小鱼,people,http://www.zhihu.com/api/v4/people/f44ae93545ecd95ce2b860f41a47529c,li-xiao-yun-16-51,people
130,7,0,https://pic4.zhimg.com/v2-e3928d7202660c94fe9178186aa21f22_is.jpg,https://pic4.zhimg.com/v2-e3928d7202660c94fe9178186aa21f22_{size}.jpg,[],247,0,有趣到你害怕,d60cd1dd6dcdf6e469ac38b6e0608683,False,False,False,False,酷得要死还巨可爱,people,http://www.zhihu.com/api/v4/people/d60cd1dd6dcdf6e469ac38b6e0608683,ku-de-yao-si-huan-ju-ke-ai,people
131,88,1,https://pic4.zhimg.com/v2-ccc5ce00e1f9baaf562fdcb0a936de03_is.jpg,https://pic4.zhimg.com/v2-ccc5ce00e1f9baaf562fdcb0a936de03_{size}.jpg,[],21735,0,恶漩宝贝的快乐2018,59a4d5ded68f850d9f9b9ba01570754a,False,False,False,False,BadVortex,people,http://www.zhihu.com/api/v4/people/59a4d5ded68f850d9f9b9ba01570754a,badvortex,people
132,8,0,https://pic4.zhimg.com/v2-28f1e503bb1305548dc45118d0589893_is.jpg,https://pic4.zhimg.com/v2-28f1e503bb1305548dc45118d0589893_{size}.jpg,[],787,0,,7096ca9c623ea2ae92b13acdec6cef17,False,False,False,False,巴黎zrn,people,http://www.zhihu.com/api/v4/people/7096ca9c623ea2ae92b13acdec6cef17,paris-c,people
133,1,0,https://pic3.zhimg.com/v2-b2323ebb13ad444b3ddb6ec33f39490e_is.jpg,https://pic3.zhimg.com/v2-b2323ebb13ad444b3ddb6ec33f39490e_{size}.jpg,[],824,0,借了东西为什么不还 借了东西为什么不还,e03d99b6d30e43ce8d31b4dcb16a3604,False,False,False,False,清竹,people,http://www.zhihu.com/api/v4/people/e03d99b6d30e43ce8d31b4dcb16a3604,qing-zhu-92-76,people
134,34,2,https://pic2.zhimg.com/v2-23574bd6504a1fc9f25d2778e47aa557_is.jpg,https://pic2.zhimg.com/v2-23574bd6504a1fc9f25d2778e47aa557_{size}.jpg,[],219,0,程序员/电影影评,bf66fcec4d0fff50ce2923a857dea874,False,False,False,False,子衿,people,http://www.zhihu.com/api/v4/people/bf66fcec4d0fff50ce2923a857dea874,zhu-qing-56-57,people
135,1,0,https://pic4.zhimg.com/da8e974dc_is.jpg,https://pic4.zhimg.com/da8e974dc_{size}.jpg,[],791,0,,d57d6f210ab8676827f40cf3b07d4abc,False,False,False,False,[已重置],people,http://www.zhihu.com/api/v4/people/d57d6f210ab8676827f40cf3b07d4abc,meng-chun-zhi-yue-64,people
136,0,0,https://pic4.zhimg.com/da8e974dc_is.jpg,https://pic4.zhimg.com/da8e974dc_{size}.jpg,[],293,0,,251d527ae4eeae189beeb45017d7b5e0,False,False,False,False,[已重置],people,http://www.zhihu.com/api/v4/people/251d527ae4eeae189beeb45017d7b5e0,an-ran-50-56-17,people
137,0,0,https://pic4.zhimg.com/v2-b8513e97a0cefa5383c124bb3f484684_is.jpg,https://pic4.zhimg.com/v2-b8513e97a0cefa5383c124bb3f484684_{size}.jpg,[],243,0,,4b87cc3b46ee07628574befd7a6f8531,False,False,False,False,元气不满,people,http://www.zhihu.com/api/v4/people/4b87cc3b46ee07628574befd7a6f8531,yuan-qi-bu-man,people
138,23,1,https://pic3.zhimg.com/v2-67b5fb2d2c16dda07b0641f4c7bd64e0_is.jpg,https://pic3.zhimg.com/v2-67b5fb2d2c16dda07b0641f4c7bd64e0_{size}.jpg,[],6028,0,微博账号:米-格MiGe,c85b6f4303ec1b86b23fc723662d6af8,False,False,False,False,米-格MiGr,people,http://www.zhihu.com/api/v4/people/c85b6f4303ec1b86b23fc723662d6af8,da-li-47-75,people
139,3,0,https://pic2.zhimg.com/v2-c7531c9bc2774dc5ac196690d8267279_is.jpg,https://pic2.zhimg.com/v2-c7531c9bc2774dc5ac196690d8267279_{size}.jpg,[],1235,0,90后创业者//斜杠少女//微博：Roselyne LQ,464a7d16140248a608bbce1d153a66ae,False,False,False,False,Roselyne LQ,people,http://www.zhihu.com/api/v4/people/464a7d16140248a608bbce1d153a66ae,zhong-da-ying-yang,people
140,2,0,https://pic3.zhimg.com/v2-ef08dfbc0ef3c1f4f437e41815912aa5_is.jpg,https://pic3.zhimg.com/v2-ef08dfbc0ef3c1f4f437e41815912aa5_{size}.jpg,[],1501,1,难以忘记，难以不再想你~,6ed0adf4fa4a05b2fb2ef521e818095b,False,False,False,False,踟亍,people,http://www.zhihu.com/api/v4/people/6ed0adf4fa4a05b2fb2ef521e818095b,kai-xin-guo-24-68,people
141,0,0,https://pic4.zhimg.com/da8e974dc_is.jpg,https://pic4.zhimg.com/da8e974dc_{size}.jpg,[],972,-1,,52272bfe796be672d9b908b96350a198,False,False,False,False,[已重置],people,http://www.zhihu.com/api/v4/people/52272bfe796be672d9b908b96350a198,miumiu-86-18,people
142,0,0,https://pic1.zhimg.com/v2-c18bd2a1dc773989c434d1c64ae5132f_is.jpg,https://pic1.zhimg.com/v2-c18bd2a1dc773989c434d1c64ae5132f_{size}.jpg,[],1946,-1,,9b6c58209dc03f1e08370243b5fcf03c,False,False,False,False,小柠檬,people,http://www.zhihu.com/api/v4/people/9b6c58209dc03f1e08370243b5fcf03c,xiao-ning-meng-9-77,people
143,7,0,https://pic3.zhimg.com/v2-45f319b33ad1af929033ce66fa1d82c4_is.jpg,https://pic3.zhimg.com/v2-45f319b33ad1af929033ce66fa1d82c4_{size}.jpg,[],1007,0,钟表自媒体公众号：ZF表业,e9138c6a10c0ebf2289c5fae9f986bf4,False,False,False,False,草莓妹,people,http://www.zhihu.com/api/v4/people/e9138c6a10c0ebf2289c5fae9f986bf4,cao-mei-mei-18-60,people
144,1,0,https://pic4.zhimg.com/v2-3d7f9fdd0d472b77d9e6af9f368a621f_is.jpg,https://pic4.zhimg.com/v2-3d7f9fdd0d472b77d9e6af9f368a621f_{size}.jpg,[],1863,0,,f8f087d8ba7097955f58847611d05d21,False,False,False,False,你的美兔,people,http://www.zhihu.com/api/v4/people/f8f087d8ba7097955f58847611d05d21,ni-de-mei-tu,people
145,5,0,https://pic1.zhimg.com/v2-003dcad9a5369ba31e4d1e14ffb386dd_is.jpg,https://pic1.zhimg.com/v2-003dcad9a5369ba31e4d1e14ffb386dd_{size}.jpg,[],915,0,,fc87da6a0fc4cf76d342dd4fe2c683f4,False,False,False,False,浮沉,people,http://www.zhihu.com/api/v4/people/fc87da6a0fc4cf76d342dd4fe2c683f4,fu-chen-25-86,people
146,1,0,https://pic3.zhimg.com/v2-f2983b19d64ecb0d95a73a3c1339a31e_is.jpg,https://pic3.zhimg.com/v2-f2983b19d64ecb0d95a73a3c1339a31e_{size}.jpg,[],54,-1,,98f33b5b8a3a2e1f32d916ad27cc6323,False,False,False,False,刘思琦,people,http://www.zhihu.com/api/v4/people/98f33b5b8a3a2e1f32d916ad27cc6323,liu-chu-han-89,people
147,13,0,https://pic1.zhimg.com/v2-516aa761f3cc246117e5a39ffdd5f883_is.jpg,https://pic1.zhimg.com/v2-516aa761f3cc246117e5a39ffdd5f883_{size}.jpg,[],7454,0,不会摄影的模特不是好程序媛,3b17c3afb0c827f2874bdff49f9e1b80,False,False,False,False,Seven岐7,people,http://www.zhihu.com/api/v4/people/3b17c3afb0c827f2874bdff49f9e1b80,sevenqi-7-1,people
148,0,0,https://pic4.zhimg.com/da8e974dc_is.jpg,https://pic4.zhimg.com/da8e974dc_{size}.jpg,[],979,0,,a6d7bd0504d5e75eac2a197b7d82ec68,False,False,False,False,[已重置],people,http://www.zhihu.com/api/v4/people/a6d7bd0504d5e75eac2a197b7d82ec68,hu-luo-bu-83-62-47,people
149,0,0,https://pic4.zhimg.com/da8e974dc_is.jpg,https://pic4.zhimg.com/da8e974dc_{size}.jpg,[],1598,0,,618657d603c7d906e5a1f96e12402c8c,False,False,False,False,[已重置],people,http://www.zhihu.com/api/v4/people/618657d603c7d906e5a1f96e12402c8c,a-ya-55-26,people
150,5,0,https://pic1.zhimg.com/16bbcd333785823dc495d9ed00cd770e_is.jpg,https://pic1.zhimg.com/16bbcd333785823dc495d9ed00cd770e_{size}.jpg,[],277,0,,bfee584fea1c23d9989145f1c56cf87f,False,False,False,False,白雪,people,http://www.zhihu.com/api/v4/people/bfee584fea1c23d9989145f1c56cf87f,bai-xue-49-81,people
151,4,0,https://pic2.zhimg.com/v2-38818e35214530498bdc0ba590c93e4a_is.jpg,https://pic2.zhimg.com/v2-38818e35214530498bdc0ba590c93e4a_{size}.jpg,[],457,0,设计师,784247972935e8b92ba76a8ba1aa5ee7,False,False,False,False,Delia,people,http://www.zhihu.com/api/v4/people/784247972935e8b92ba76a8ba1aa5ee7,delia-28-56,people
152,6,0,https://pic2.zhimg.com/v2-ff4d2c29ce3c9b3c3ebd31f0e87480e0_is.jpg,https://pic2.zhimg.com/v2-ff4d2c29ce3c9b3c3ebd31f0e87480e0_{size}.jpg,[],590,0,微博：张冠玉儿_,b4c98d31a2479bb28041906d406747ae,False,False,False,False,WeirdeCat,people,http://www.zhihu.com/api/v4/people/b4c98d31a2479bb28041906d406747ae,weirdecat,people
153,0,0,https://pic2.zhimg.com/bd3bf5807ab8cebc9cbc3c7a35cc5456_is.jpg,https://pic2.zhimg.com/bd3bf5807ab8cebc9cbc3c7a35cc5456_{size}.jpg,[],53,0,计算机,6d5d870053cb637877449787adf79703,False,False,False,False,夕颜,people,http://www.zhihu.com/api/v4/people/6d5d870053cb637877449787adf79703,feng-xi-34-69,people
154,55,18,https://pic2.zhimg.com/v2-aae693719691be576662a2c4d373a615_is.jpg,https://pic2.zhimg.com/v2-aae693719691be576662a2c4d373a615_{size}.jpg,[],21665,0,清华和你，至少要上一个。,bd11a1c4f2964694d8a0f7569e5cfb11,False,False,False,False,尹小盐,people,http://www.zhihu.com/api/v4/people/bd11a1c4f2964694d8a0f7569e5cfb11,qing-feng-pu-3-49,people
155,54,0,https://pic3.zhimg.com/v2-bcae61e11feb1bb4575ddbf075756b74_is.jpg,https://pic3.zhimg.com/v2-bcae61e11feb1bb4575ddbf075756b74_{size}.jpg,[],296,0,"在与理性永恒的冲突中,情感从未失过手。",2376303e4e68866748e074ed4e396760,False,False,False,False,3C48,people,http://www.zhihu.com/api/v4/people/2376303e4e68866748e074ed4e396760,xn-wang-4,people
156,2,0,https://pic4.zhimg.com/v2-d1a8feff1e1e5e92e0cf055339c6faa3_is.jpg,https://pic4.zhimg.com/v2-d1a8feff1e1e5e92e0cf055339c6faa3_{size}.jpg,[],1680,0,,77f39a88f85103f20f61c90ab55e3571,False,False,False,False,Alice 静静,people,http://www.zhihu.com/api/v4/people/77f39a88f85103f20f61c90ab55e3571,ju-zi-cheng-16-7,people
157,8,0,https://pic1.zhimg.com/v2-ceee1910787c91f95313e88e2ab08cb7_is.jpg,https://pic1.zhimg.com/v2-ceee1910787c91f95313e88e2ab08cb7_{size}.jpg,[],202,0,健身 旅行 学生 双性恋 双相,324d9ec408a288d910e20e26d985fc35,False,False,False,False,桃李不言,people,http://www.zhihu.com/api/v4/people/324d9ec408a288d910e20e26d985fc35,bao-wen-lu-1998,people
158,0,0,https://pic3.zhimg.com/v2-8932ba4c769ff9ce4df4225861de6734_is.jpg,https://pic3.zhimg.com/v2-8932ba4c769ff9ce4df4225861de6734_{size}.jpg,[],998,0,,f23b3a74c7a63cee7eae14575934d4f1,False,False,False,False,Salvatore,people,http://www.zhihu.com/api/v4/people/f23b3a74c7a63cee7eae14575934d4f1,salvatore-55-82,people
159,4,0,https://pic4.zhimg.com/da8e974dc_is.jpg,https://pic4.zhimg.com/da8e974dc_{size}.jpg,[],619,0,,f9888d9c2e75e88688731f81465e9e8d,False,False,False,False,「已注销」,people,http://www.zhihu.com/api/v4/people/f9888d9c2e75e88688731f81465e9e8d,fish-in-the-pool,people
160,7,0,https://pic2.zhimg.com/v2-38b3d08ad54b701eeed5594bd87c375e_is.jpg,https://pic2.zhimg.com/v2-38b3d08ad54b701eeed5594bd87c375e_{size}.jpg,[],1660,0,,653dd8e3ec62f1ef783ca39ca4fb1e84,False,False,False,False,寻开心,people,http://www.zhihu.com/api/v4/people/653dd8e3ec62f1ef783ca39ca4fb1e84,xun-kai-xin-6,people
161,9,0,https://pic3.zhimg.com/v2-f46e37d3eb37248afc08c0a7e012b9f4_is.jpg,https://pic3.zhimg.com/v2-f46e37d3eb37248afc08c0a7e012b9f4_{size}.jpg,[],2078,0,学生,48b041f76475692a7603629b67ecd9e8,False,False,False,False,苏哈,people,http://www.zhihu.com/api/v4/people/48b041f76475692a7603629b67ecd9e8,su-ha-6-16,people
162,9,0,https://pic1.zhimg.com/v2-27e0c97cb693c29d40f447a68115d11b_is.jpg,https://pic1.zhimg.com/v2-27e0c97cb693c29d40f447a68115d11b_{size}.jpg,[],399,0,,e9de2f519cef63ffe1ac047c10a8f316,False,False,False,False,猫咪,people,http://www.zhihu.com/api/v4/people/e9de2f519cef63ffe1ac047c10a8f316,mao-mi-30-32,people
163,10,0,https://pic4.zhimg.com/v2-0669621956c2c8481c883a39f4b3db9a_is.jpg,https://pic4.zhimg.com/v2-0669621956c2c8481c883a39f4b3db9a_{size}.jpg,[],546,0,胖胖与我?,453ed24d0bf8eb0bcad67578baac9dbe,False,False,False,False,阳阳不胖,people,http://www.zhihu.com/api/v4/people/453ed24d0bf8eb0bcad67578baac9dbe,sunnybeari,people
164,29,0,https://pic1.zhimg.com/v2-a34c5ac745f2414df14a68f8833a3e56_is.jpg,https://pic1.zhimg.com/v2-a34c5ac745f2414df14a68f8833a3e56_{size}.jpg,[],309,0,头像是本人啦，不要再错认成药娘！！,17e445e9875609c4e044b9114468cd10,False,False,False,False,Miss Sherlock,people,http://www.zhihu.com/api/v4/people/17e445e9875609c4e044b9114468cd10,zi-chuan-xiu-53,people
165,4,0,https://pic3.zhimg.com/v2-5d068023c8f48ff5fe06e7d5c822bc1c_is.jpg,https://pic3.zhimg.com/v2-5d068023c8f48ff5fe06e7d5c822bc1c_{size}.jpg,[],2262,0,,0955c43ed5fa1bd70902a21626b2b38f,False,False,False,False,Saya,people,http://www.zhihu.com/api/v4/people/0955c43ed5fa1bd70902a21626b2b38f,lydialiu-18,people
166,2,0,https://pic4.zhimg.com/v2-ab06ab5c0bfd2b55a3e2b90d9594e767_is.jpg,https://pic4.zhimg.com/v2-ab06ab5c0bfd2b55a3e2b90d9594e767_{size}.jpg,[],143,0,今天不想吃米饭,669143aa1ecce90a4ac3f1aa6d9f2351,False,False,False,False,阿清,people,http://www.zhihu.com/api/v4/people/669143aa1ecce90a4ac3f1aa6d9f2351,a-qing-82-41,people
167,0,0,https://pic4.zhimg.com/da8e974dc_is.jpg,https://pic4.zhimg.com/da8e974dc_{size}.jpg,[],792,0,,32eddcda290755c1304b9b2befbf11d5,False,False,False,False,[已重置],people,http://www.zhihu.com/api/v4/people/32eddcda290755c1304b9b2befbf11d5,ying-meng-46,people
168,31,0,https://pic1.zhimg.com/v2-e9814349ee18d3865189e661d440e4d8_is.jpg,https://pic1.zhimg.com/v2-e9814349ee18d3865189e661d440e4d8_{size}.jpg,[],746,0,废话制造机,648e8a8c22088afc435f1a3b0cf6c07b,False,False,False,False,黄荼荼,people,http://www.zhihu.com/api/v4/people/648e8a8c22088afc435f1a3b0cf6c07b,fei-gou-huang,people
169,7,0,https://pic1.zhimg.com/v2-059f48fb91b2fcf101f195046221a173_is.jpg,https://pic1.zhimg.com/v2-059f48fb91b2fcf101f195046221a173_{size}.jpg,[],4970,0,Ins同名,6d74de8fb74bd65d4bcd3d7d4024e91e,False,False,False,False,Lindsay林赛,people,http://www.zhihu.com/api/v4/people/6d74de8fb74bd65d4bcd3d7d4024e91e,xia-bei-zi-zuo-zhu-dark-lord,people
170,2,0,https://pic2.zhimg.com/v2-bad4bccce916eb3e2b31fa10d85e7579_is.jpg,https://pic2.zhimg.com/v2-bad4bccce916eb3e2b31fa10d85e7579_{size}.jpg,[],160,0,,ab1ccb225a7976c281e1183e10d3e597,False,False,False,False,鱼小语,people,http://www.zhihu.com/api/v4/people/ab1ccb225a7976c281e1183e10d3e597,yu-xiao-yu-29-32,people
171,5,0,https://pic3.zhimg.com/v2-d9dc446dee68a76a0707ed6616dd10e6_is.jpg,https://pic3.zhimg.com/v2-d9dc446dee68a76a0707ed6616dd10e6_{size}.jpg,[],910,0,,4e84dffa08b7d5b9ad02a7879354cd1b,False,False,False,False,Hiyanyuan,people,http://www.zhihu.com/api/v4/people/4e84dffa08b7d5b9ad02a7879354cd1b,yan-yuan-6-62-24,people
172,3,0,https://pic2.zhimg.com/v2-f2efd06bbd55d5ad6ba130874f229552_is.jpg,https://pic2.zhimg.com/v2-f2efd06bbd55d5ad6ba130874f229552_{size}.jpg,[],385,0,彩虹总是在雨后才出现,f3d0e846b55c7fa15e8e1e5851b85694,False,False,False,False,索尼娅,people,http://www.zhihu.com/api/v4/people/f3d0e846b55c7fa15e8e1e5851b85694,suo-ni-ya-66-24,people
173,1,0,https://pic4.zhimg.com/3d7e903db976a2e503ad955c6c38b7ab_is.jpg,https://pic4.zhimg.com/3d7e903db976a2e503ad955c6c38b7ab_{size}.jpg,[],101,0,热爱学习，执着于学习，忠诚于学习，死都不会抛弃学习,17a7af4f5ef524090c4e10f36524937b,False,False,False,False,热爱学习的林,people,http://www.zhihu.com/api/v4/people/17a7af4f5ef524090c4e10f36524937b,qi-wei-57-88,people
174,34,2,https://pic4.zhimg.com/v2-68d7e17447cd2a4723a0ba17467ee7cd_is.jpg,https://pic4.zhimg.com/v2-68d7e17447cd2a4723a0ba17467ee7cd_{size}.jpg,[],6948,0,健身教练级别的油画家,ee6d9e03ca0749f336069fdad6f45515,False,False,False,False,Deja-vu,people,http://www.zhihu.com/api/v4/people/ee6d9e03ca0749f336069fdad6f45515,deja-vu-62,people
175,338,2,https://pic4.zhimg.com/v2-d37acd34a3094531ab3dbd3c5da00d1f_is.jpg,https://pic4.zhimg.com/v2-d37acd34a3094531ab3dbd3c5da00d1f_{size}.jpg,[],5045,0,机械工程/古汉语/手工爱好者,e60815f2fb486e57108b46cbbd0360ca,False,False,False,False,姜五,people,http://www.zhihu.com/api/v4/people/e60815f2fb486e57108b46cbbd0360ca,jiang-wu-87,people
176,0,0,https://pic3.zhimg.com/v2-44954259071d0d6f2f46cd9b1b49d15d_is.jpg,https://pic3.zhimg.com/v2-44954259071d0d6f2f46cd9b1b49d15d_{size}.jpg,[],763,0,nana ,2f641ab5d73becc38e00e1b7b1e3d8e1,False,False,False,False,judychu,people,http://www.zhihu.com/api/v4/people/2f641ab5d73becc38e00e1b7b1e3d8e1,judychu-5,people
177,4,0,https://pic3.zhimg.com/v2-f378844811be28da08afecab3627032f_is.jpg,https://pic3.zhimg.com/v2-f378844811be28da08afecab3627032f_{size}.jpg,[],280,0,,7dbd584ea219f10e4f2bfaf4390a3e63,False,False,False,False,猫儿在一旁睡觉,people,http://www.zhihu.com/api/v4/people/7dbd584ea219f10e4f2bfaf4390a3e63,ran-hou-lei-11,people
178,0,0,https://pic3.zhimg.com/v2-c31327a86244e4274ef5336b23576dac_is.jpg,https://pic3.zhimg.com/v2-c31327a86244e4274ef5336b23576dac_{size}.jpg,[],25,-1,美滋滋美滋滋美滋滋美滋滋美滋滋美滋滋美滋滋美滋滋美滋滋美滋滋美滋滋美滋滋,ab5e1e762a411bb3714ca14343b29f31,False,False,False,False,卡比,people,http://www.zhihu.com/api/v4/people/ab5e1e762a411bb3714ca14343b29f31,qia-bi-81,people
179,94,13,https://pic4.zhimg.com/3f12ee2fae643d588df8b6c874ad4d97_is.jpg,https://pic4.zhimg.com/3f12ee2fae643d588df8b6c874ad4d97_{size}.jpg,[],6399,1,知乎越来越不正紧了！,e5b73d3e68ad5bc9e13455a849df28cc,False,False,False,False,新人说,people,http://www.zhihu.com/api/v4/people/e5b73d3e68ad5bc9e13455a849df28cc,xin-ren-51,people
180,0,0,https://pic3.zhimg.com/v2-23b1db6bb3074f2e00c19c3793a11252_is.jpg,https://pic3.zhimg.com/v2-23b1db6bb3074f2e00c19c3793a11252_{size}.jpg,"[{'topics': [{'introduction': '一门关于地面以下的世界是什么样子的科学。', 'avatar_url': 'https://pic3.zhimg.com/v2-c668883abcdc60de403e253fbb607596_is.jpg', 'name': '地质学', 'url': 'http://www.zhihu.com/api/v4/topics/19578161', 'type': 'topic', 'excerpt': '一门关于地面以下的世界是什么样子的科学。', 'id': '19578161'}, {'introduction': '包含一切与地球有关的科学的总称（类似于「生命科学」这一含义广泛的术语）。<br>它有时被用作地质学或地质科学的同义语，但是，这种用法有误，<br>因为从广义上说，地球科学应包括诸如气象学、地理学、海洋学、土壤学和水文学等。<br>英文「Earth science」一词一般均用作单数。<br>――《地质大辞典》', 'avatar_url': 'https://pic1.zhimg.com/v2-5cf166d6cd62f42805c684a5eefb6852_is.jpg', 'name': '地球科学', 'url': 'http://www.zhihu.com/api/v4/topics/19589333', 'type': 'topic', 'excerpt': '包含一切与地球有关的科学的总称（类似于「生命科学」这一含义广泛的术语）。 它有时被用作地质学或地质科学的同义语，但是，这种用法有误， 因为从广义上说，地球科学应包括诸如气象学、地理学、海洋学、土壤学和水文学等。 英文「Earth science」一词一般均用作单数。 ――《地质大辞典》', 'id': '19589333'}], 'type': 'best_answerer', 'description': '优秀回答者'}]",106026,1,地质喵,c39f4121c89698006dd97f020769c19b,False,False,False,False,云舞空城,people,http://www.zhihu.com/api/v4/people/c39f4121c89698006dd97f020769c19b,cloudycity,people
181,4,0,https://pic3.zhimg.com/v2-a57fbe60216ca5da8644bcbab1211a13_is.jpg,https://pic3.zhimg.com/v2-a57fbe60216ca5da8644bcbab1211a13_{size}.jpg,[],1023,-1,,c601fe5fcad6ac1bd0c9e586be8a79d3,False,False,False,False,奎妮的情歌,people,http://www.zhihu.com/api/v4/people/c601fe5fcad6ac1bd0c9e586be8a79d3,kui-ni-de-qing-ge,people
182,12,0,https://pic4.zhimg.com/v2-1920933ddb80e57c75ba95fdd68a5f52_is.jpg,https://pic4.zhimg.com/v2-1920933ddb80e57c75ba95fdd68a5f52_{size}.jpg,[],1804,0,,1da68f98dff746b34d6edc853bdac355,False,False,False,False,河外星系系花,people,http://www.zhihu.com/api/v4/people/1da68f98dff746b34d6edc853bdac355,dong-ying-83-51,people
183,40,0,https://pic1.zhimg.com/v2-b1a80098279be6526b4e638d2875dde4_is.jpg,https://pic1.zhimg.com/v2-b1a80098279be6526b4e638d2875dde4_{size}.jpg,[],239,0,天蝎座纹身少女在读建筑学,51a6f7237a015ef609a05488e5411e7a,False,False,False,False,June,people,http://www.zhihu.com/api/v4/people/51a6f7237a015ef609a05488e5411e7a,june-76-43,people
184,6,1,https://pic4.zhimg.com/v2-8941d496830846af5069dc642b6043ea_is.jpg,https://pic4.zhimg.com/v2-8941d496830846af5069dc642b6043ea_{size}.jpg,[],243,0,,ef6a8b05d91fabcb0f54707954ecbf7d,False,False,False,False,青木,people,http://www.zhihu.com/api/v4/people/ef6a8b05d91fabcb0f54707954ecbf7d,ni-ai-da-hai-wo-ai-lang,people
185,1,0,https://pic4.zhimg.com/da8e974dc_is.jpg,https://pic4.zhimg.com/da8e974dc_{size}.jpg,[],6027,-1,程序小员,4b9d233a1a3b8d20818ecc670f49c596,False,False,False,False,abcde12345,people,http://www.zhihu.com/api/v4/people/4b9d233a1a3b8d20818ecc670f49c596,abcde12345-14,people
186,49,0,https://pic4.zhimg.com/v2-27e2c11b7e9f654e8dc12673de2a21fc_is.jpg,https://pic4.zhimg.com/v2-27e2c11b7e9f654e8dc12673de2a21fc_{size}.jpg,[],7315,0,更加坚强，更加善良,be640124364f41fc0ae166fa92a4c265,False,False,False,False,白盐少女,people,http://www.zhihu.com/api/v4/people/be640124364f41fc0ae166fa92a4c265,maya-huan-huan,people
187,27,0,https://pic2.zhimg.com/v2-2ee52887c9d0c59454e2812f6aa6d921_is.jpg,https://pic2.zhimg.com/v2-2ee52887c9d0c59454e2812f6aa6d921_{size}.jpg,[],387,0,酱油/闲散人员/不定时报复社会,136fdfec62cc26e4376be3a5bb98c5bb,False,False,False,False,幻希,people,http://www.zhihu.com/api/v4/people/136fdfec62cc26e4376be3a5bb98c5bb,yu19930917,people
188,2,0,https://pic4.zhimg.com/v2-cb310c092425873780be5fe2d1417916_is.jpg,https://pic4.zhimg.com/v2-cb310c092425873780be5fe2d1417916_{size}.jpg,[],476,-1,,089827879c7a9ab7835911ed1bd1d900,False,False,False,False,妮妮,people,http://www.zhihu.com/api/v4/people/089827879c7a9ab7835911ed1bd1d900,ni-ni-45-89-29,people
189,21,0,https://pic2.zhimg.com/v2-e71bdc3b4e2b8615f695c31bfb2845e6_is.jpg,https://pic2.zhimg.com/v2-e71bdc3b4e2b8615f695c31bfb2845e6_{size}.jpg,[],2950,0,USTC /写实风漫画/摄影/写文/程序员,6e268006eda885363ea6d3c27c59cfc3,False,False,False,False,李希,people,http://www.zhihu.com/api/v4/people/6e268006eda885363ea6d3c27c59cfc3,li-xi-57-81,people
190,2,0,https://pic2.zhimg.com/v2-5b88996269dc7e3b3b5d29d0aac28572_is.jpg,https://pic2.zhimg.com/v2-5b88996269dc7e3b3b5d29d0aac28572_{size}.jpg,[],830,0,,aed7cd842b1d513abb0b8bf9b16bb098,False,False,False,False,小可爱,people,http://www.zhihu.com/api/v4/people/aed7cd842b1d513abb0b8bf9b16bb098,xiao-ke-ai-25-58-28,people
191,792,11,https://pic1.zhimg.com/v2-5696fbfdb488ceec9f04ed2727b9a312_is.jpg,https://pic1.zhimg.com/v2-5696fbfdb488ceec9f04ed2727b9a312_{size}.jpg,[],28219,0,富强、民主、文明、和谐，自由、平等、公正、法治，爱国、敬业、诚信、友善,bc2da0f611dfb0ffdfba11222225f7ec,False,False,False,False,秋元明,people,http://www.zhihu.com/api/v4/people/bc2da0f611dfb0ffdfba11222225f7ec,akira-akimoto-55,people
192,40,0,https://pic3.zhimg.com/v2-5e31f850f9056bfbb839bc6afb010c09_is.jpg,https://pic3.zhimg.com/v2-5e31f850f9056bfbb839bc6afb010c09_{size}.jpg,[],17454,0,努力奋斗的美少女,c5f1f5c5b915dadb683c6aa0ac01790d,False,False,False,False,七里,people,http://www.zhihu.com/api/v4/people/c5f1f5c5b915dadb683c6aa0ac01790d,wang-de-yi-4-15,people
193,215,2,https://pic4.zhimg.com/v2-a830f2b7907f2c31b635972f649c03e6_is.jpg,https://pic4.zhimg.com/v2-a830f2b7907f2c31b635972f649c03e6_{size}.jpg,[],8534,0,,0eb4c81323036ff35fef86d57d937d8f,False,False,False,False,苏西苏西,people,http://www.zhihu.com/api/v4/people/0eb4c81323036ff35fef86d57d937d8f,shen-shen-xi-xi-9,people
194,13,0,https://pic4.zhimg.com/v2-fbdc1678ad60d17be96f9f9f095595f9_is.jpg,https://pic4.zhimg.com/v2-fbdc1678ad60d17be96f9f9f095595f9_{size}.jpg,[],903,0,人生如戏，全靠演技！,f5e8dfcfb9c6783c2fae81fe9bcdaf21,False,False,False,False,倪月,people,http://www.zhihu.com/api/v4/people/f5e8dfcfb9c6783c2fae81fe9bcdaf21,ni-yue-58-4,people
195,0,0,https://pic4.zhimg.com/v2-225194aca9a37b3af6ef0b8c824cf2bb_is.jpg,https://pic4.zhimg.com/v2-225194aca9a37b3af6ef0b8c824cf2bb_{size}.jpg,[],807,0,懵懵懂懂，最美好,7646bced726906d0dfdc16f33f4ee274,False,False,False,False,楠夏,people,http://www.zhihu.com/api/v4/people/7646bced726906d0dfdc16f33f4ee274,nan-xia-95-92,people
196,200,1,https://pic3.zhimg.com/v2-db9b9bf8528826c42cba53b20fa3b93a_is.jpg,https://pic3.zhimg.com/v2-db9b9bf8528826c42cba53b20fa3b93a_{size}.jpg,[],912,0,因为含盐量过高而与世界格格不入,b8e8436e708467f86e00ff86a6781c30,False,False,False,False,NeverL,people,http://www.zhihu.com/api/v4/people/b8e8436e708467f86e00ff86a6781c30,amybu-liu,people
197,5,0,https://pic3.zhimg.com/v2-0f3aa05d72b48934c64e2cb4d96e5ed5_is.jpg,https://pic3.zhimg.com/v2-0f3aa05d72b48934c64e2cb4d96e5ed5_{size}.jpg,[],3675,0,吴彦祖本人,5bad0e4020a875a95fe514dd506ff97e,False,False,False,False,吴彦祖,people,http://www.zhihu.com/api/v4/people/5bad0e4020a875a95fe514dd506ff97e,echo_ying,people
198,46,3,https://pic4.zhimg.com/v2-0ac1783235857746e6ef1e7d8a53fba4_is.jpg,https://pic4.zhimg.com/v2-0ac1783235857746e6ef1e7d8a53fba4_{size}.jpg,[],7904,0,专注超高性价比，实用变美干货，微博/公众号：凯琳王katherine。,4ed5d5958dd925d3cb5c4a120161028d,False,False,False,False,凯琳王katherine,people,http://www.zhihu.com/api/v4/people/4ed5d5958dd925d3cb5c4a120161028d,wang-kai-lin-30,people
199,14,0,https://pic4.zhimg.com/v2-8ccf8a34d89786bd922840b2a413c66f_is.jpg,https://pic4.zhimg.com/v2-8ccf8a34d89786bd922840b2a413c66f_{size}.jpg,[],1228,0,胖子,a74713f3046f79c5200c344a175479f9,False,False,False,False,英年早胖,people,http://www.zhihu.com/api/v4/people/a74713f3046f79c5200c344a175479f9,fei-sha-qi,people
